feature,n_methods,score,mw_rank_score,rf_rank_score,elastic_net_rank_score,mi_rank_score,in_mann_whitney,in_random_forest,in_elastic_net,in_mutual_info
Cluster_2523,4,3.8156312625250504,1.0,0.9759519038076152,1.0,0.8396793587174349,1,1,1,1
Cluster_4159,4,3.696166019573525,0.9319371727748691,0.9559118236472945,0.9766536964980544,0.8316633266533067,1,1,1,1
Cluster_1191,4,3.549792068909755,0.8900523560209423,0.9278557114228457,0.7859922178988327,0.9458917835671343,1,1,1,1
Cluster_3705,4,3.1492902075261,0.9685863874345549,0.969939879759519,0.4552529182879378,0.7555110220440882,1,1,1,1
Cluster_2809,4,3.1212507521613198,0.9214659685863874,0.9458917835671343,0.8871595330739299,0.36673346693386777,1,1,1,1
Cluster_3387,4,3.0307751404371275,0.8743455497382199,0.9859719438877755,0.9961089494163424,0.17434869739478953,1,1,1,1
Cluster_4122,4,3.017308559302891,0.9109947643979057,0.3106212424849699,0.9299610894941635,0.8657314629258517,1,1,1,1
Cluster_889,4,2.997686247880282,0.9424083769633508,0.6793587174348698,0.9610894941634242,0.41482965931863724,1,1,1,1
Cluster_879,4,2.8761268539074605,0.9528795811518325,0.9498997995991983,0.9533073929961089,0.02004008016032066,1,1,1,1
Cluster_651,4,2.6531550684639797,0.9581151832460733,0.9959919839679359,0.011673151750972721,0.687374749498998,1,1,1,1
Cluster_1579,4,2.647541584278831,0.7277486910994764,0.8857715430861723,0.8015564202334631,0.23246492985971945,1,1,1,1
Cluster_4389,4,2.3874114068379595,0.6073298429319371,0.8196392785571143,0.7159533073929961,0.24448897795591185,1,1,1,1
Cluster_388,4,2.294646864981006,0.7853403141361257,0.5591182364729459,0.7237354085603113,0.22645290581162325,1,1,1,1
Cluster_324,4,2.195673519508306,0.31413612565445026,0.845691382765531,0.5408560311284047,0.4949899799599199,1,1,1,1
Cluster_4361,4,1.89240134066491,0.5759162303664922,0.37274549098196397,0.8715953307392996,0.07214428857715427,1,1,1,1
Cluster_517,4,1.8862651658563936,0.12565445026178013,0.6072144288577155,0.6303501945525292,0.5230460921843687,1,1,1,1
Cluster_2441,4,1.7729439362355817,0.5445026178010471,0.2885771543086172,0.933852140077821,0.006012024048096198,1,1,1,1
Cluster_40,4,1.6959882239268196,0.32460732984293195,0.47895791583166336,0.7120622568093385,0.18036072144288573,1,1,1,1
Cluster_3152,4,1.0392260880062731,0.2984293193717278,0.188376753507014,0.08949416342412453,0.46292585170340683,1,1,1,1
Cluster_2299,4,0.8077256229818612,0.09947643979057597,0.2585170340681363,0.03891050583657585,0.4108216432865731,1,1,1,1
Cluster_3850,3,2.9709502326101873,0.9947643979057592,0.9839679358717435,0.9922178988326849,0.0,1,1,1,0
Cluster_578,3,2.9376239389774312,0.9476439790575917,0.9939879759519038,0.0,0.9959919839679359,1,1,0,1
Cluster_4169,3,2.9170180154960237,0.9895287958115183,0.9819639278557114,0.9455252918287937,0.0,1,1,1,0
Cluster_622,3,2.819922118566385,0.9057591623036649,0.9919839679358717,0.9221789883268483,0.0,1,1,1,0
Cluster_1379,3,2.799997901562287,0.9162303664921466,1.0,0.0,0.8837675350701403,1,1,0,1
Cluster_2289,3,2.751384856620161,0.93717277486911,0.8336673346693386,0.980544747081712,0.0,1,1,1,0
Cluster_2733,3,2.7231426203191726,0.8534031413612566,0.9158316633266533,0.0,0.9539078156312625,1,1,0,1
Cluster_2853,3,2.6981745184095653,0.9633507853403142,0.9799599198396793,0.754863813229572,0.0,1,1,1,0
Cluster_3526,3,2.5917693965558595,0.9790575916230366,0.7955911823647295,0.8171206225680934,0.0,1,1,1,0
Cluster_4079,3,2.5249918011915615,0.6649214659685864,0.8717434869739479,0.9883268482490273,0.0,1,1,1,0
Cluster_3551,3,2.5101060392833254,0.7015706806282722,0.905811623246493,0.9027237354085603,0.0,1,1,1,0
Cluster_4058,3,2.4975609744148595,0.9842931937172775,0.9879759519038076,0.5252918287937743,0.0,1,1,1,0
Cluster_141,3,2.479994642043473,0.6701570680628273,0.8837675350701403,0.9260700389105059,0.0,1,1,1,0
Cluster_2283,3,2.4615834231259184,0.9005235602094241,0.8256513026052104,0.7354085603112841,0.0,1,1,1,0
Cluster_1473,3,2.454483844948642,0.6020942408376964,0.9418837675350702,0.9105058365758755,0.0,1,1,1,0
Cluster_3103,3,2.4423296855491086,0.8010471204188482,0.8316633266533067,0.0,0.8096192384769539,1,1,0,1
Cluster_3609,3,2.4299961791286853,0.0,0.9599198396793587,0.8287937743190661,0.6412825651302605,0,1,1,1
Cluster_15,3,2.4073817159856006,0.9738219895287958,0.9899799599198397,0.44357976653696496,0.0,1,1,1,0
Cluster_2624,3,2.398235956909847,0.8167539267015707,0.7254509018036073,0.8560311284046693,0.0,1,1,1,0
Cluster_329,3,2.353511594664465,0.7120418848167539,0.8476953907815631,0.7937743190661479,0.0,1,1,1,0
Cluster_2157,3,2.3443706121881753,0.8429319371727748,0.6492985971943888,0.8521400778210116,0.0,1,1,1,0
Cluster_610,3,2.342456461397952,0.5078534031413613,0.8657314629258517,0.9688715953307393,0.0,1,1,1,0
Cluster_3618,3,2.2946512333241054,0.7068062827225131,0.7434869739478958,0.8443579766536965,0.0,1,1,1,0
Cluster_344,3,2.2851214274863416,0.7905759162303665,0.8797595190380761,0.6147859922178989,0.0,1,1,1,0
Cluster_3202,3,2.2813019034177304,0.0,0.7114228456913827,0.6420233463035019,0.9278557114228457,0,1,1,1
Cluster_3094,3,2.1917552382251415,0.8691099476439791,0.8577154308617234,0.0,0.4649298597194389,1,1,0,1
Cluster_3871,3,2.1621882508472443,0.5549738219895288,0.9018036072144289,0.0,0.7054108216432866,1,1,0,1
Cluster_620,3,2.151571625741756,0.0,0.5130260521042085,0.8910505836575875,0.7474949899799599,0,1,1,1
Cluster_229,3,2.1367890710424455,0.6858638743455497,0.8517034068136272,0.5992217898832685,0.0,1,1,1,0
Cluster_1357,3,2.114616667890755,0.4973821989528796,0.9679358717434869,0.0,0.6492985971943888,1,1,0,1
Cluster_3992,3,2.0799272470828347,0.7696335078534031,0.6993987975951903,0.6108949416342413,0.0,1,1,1,0
Cluster_4366,3,2.051014327226376,0.6125654450261779,0.7575150300601202,0.6809338521400778,0.0,1,1,1,0
Cluster_1760,3,2.037614496007722,0.5706806282722513,0.5851703406813626,0.0,0.8817635270541082,1,1,0,1
Cluster_3635,3,1.9954206700115655,0.13089005235602091,0.9579158316633266,0.9066147859922179,0.0,1,1,1,0
Cluster_30,3,1.976337175338719,0.8586387434554974,0.8997995991983968,0.2178988326848249,0.0,1,1,1,0
Cluster_1824,3,1.9464404392952792,0.5287958115183247,0.0,0.4396887159533074,0.9779559118236473,1,0,1,1
Cluster_2821,3,1.9258009979663524,0.481675392670157,0.685370741482966,0.7587548638132295,0.0,1,1,1,0
Cluster_1268,3,1.92253617182008,0.6439790575916231,0.44288577154308617,0.0,0.8356713426853708,1,1,0,1
Cluster_3771,3,1.9223892811801613,0.7801047120418848,0.8917835671342685,0.0,0.25050100200400804,1,1,0,1
Cluster_1833,3,1.9032617764712305,0.0,0.9038076152304609,0.6848249027237354,0.31462925851703405,0,1,1,1
Cluster_1798,3,1.895975216879049,0.8481675392670157,0.7715430861723447,0.27626459143968873,0.0,1,1,1,0
Cluster_1590,3,1.8939764345444816,0.5392670157068062,0.8276553106212425,0.0,0.5270541082164328,1,1,0,1
Cluster_1960,3,1.817635270541082,0.0,0.8356713426853708,0.0,0.9819639278557114,0,1,1,1
Cluster_4249,3,1.8159041819046653,0.0,0.45691382765531063,0.6575875486381323,0.7014028056112225,0,1,1,1
Cluster_419,3,1.7424362445427861,0.7591623036649214,0.0,0.556420233463035,0.42685370741482964,1,0,1,1
Cluster_3397,3,1.7373098102003914,0.7539267015706806,0.9639278557114228,0.01945525291828798,0.0,1,1,1,0
Cluster_2605,3,1.7345742067793175,0.0,0.09819639278557113,0.6964980544747081,0.9398797595190381,0,1,1,1
Cluster_4106,3,1.704767164659141,0.18848167539267013,0.6913827655310621,0.8249027237354085,0.0,1,1,1,0
Cluster_3354,3,1.6535309092730657,0.3507853403141361,0.7074148296593186,0.5953307392996109,0.0,1,1,1,0
Cluster_987,3,1.6468224406929042,0.1518324607329843,0.9078156312625251,0.0,0.5871743486973948,1,1,0,1
Cluster_1967,3,1.6321358670648691,0.0,0.008016032064128265,0.7042801556420233,0.9198396793587175,0,1,1,1
Cluster_1463,3,1.593053199519417,0.4502617801047121,0.4929859719438878,0.6498054474708171,0.0,1,1,1,0
Cluster_1825,3,1.5408723205573451,0.6230366492146597,0.40881763527054105,0.0,0.5090180360721444,1,1,0,1
Cluster_1430,3,1.5255257596905873,0.0,0.9378757515030061,0.5175097276264591,0.0701402805611222,0,1,1,1
Cluster_2386,3,1.5213695874238748,0.0,0.8296593186372745,0.3891050583657587,0.30260521042084165,0,1,1,1
Cluster_3123,3,1.514368031599696,0.6963350785340314,0.6312625250501003,0.1867704280155642,0.0,1,1,1,0
Cluster_217,3,1.4999757699847716,0.7486910994764397,0.6773547094188377,0.07392996108949412,0.0,1,1,1,0
Cluster_3610,3,1.4765342202730067,0.24607329842931935,0.4709418837675351,0.0,0.7595190380761523,1,1,0,1
Cluster_3832,3,1.4607346989699244,0.0,0.4108216432865731,0.20622568093385218,0.8436873747494991,0,1,1,1
Cluster_348,3,1.4163195500949544,0.47643979057591623,0.498997995991984,0.0,0.4408817635270541,1,1,0,1
Cluster_3073,3,1.404755035362554,0.0,0.7134268537074149,0.2684824902723736,0.4228456913827655,0,1,1,1
Cluster_4267,3,1.379400069722022,0.8219895287958116,0.3006012024048096,0.25680933852140075,0.0,1,1,1,0
Cluster_368,3,1.3704997543725583,0.0,0.29659318637274545,0.47470817120622566,0.5991983967935872,0,1,1,1
Cluster_3626,3,1.3447673557231195,0.0,0.4348697394789579,0.330739299610895,0.5791583166332666,0,1,1,1
Cluster_178,3,1.3091474778350476,0.0,0.5991983967935872,0.2490272373540856,0.46092184368737477,0,1,1,1
Cluster_804,3,1.3046302028140049,0.837696335078534,0.4308617234468938,0.0,0.03607214428857719,1,1,0,1
Cluster_2325,3,1.2657986129326715,0.6806282722513088,0.012024048096192397,0.0,0.5731462925851704,1,1,0,1
Cluster_3422,3,1.22254895432685,0.418848167539267,0.406813627254509,0.39688715953307396,0.0,1,1,1,0
Cluster_2916,3,1.205930715710558,0.2094240837696335,0.8136272545090181,0.18287937743190663,0.0,1,1,1,0
Cluster_1902,3,1.1428406551322539,0.19895287958115182,0.0821643286573146,0.0,0.8617234468937875,1,1,0,1
Cluster_1010,3,1.1426622879266386,0.07853403141361259,0.7995991983967936,0.0,0.2645290581162325,1,1,0,1
Cluster_2537,3,1.1334189147541522,0.2931937172774869,0.5250501002004009,0.3151750972762646,0.0,1,1,1,0
Cluster_1731,3,1.1130953005487414,0.7643979057591623,0.0,0.0,0.3486973947895792,1,1,0,1
Cluster_3097,3,1.0513479951530171,0.1465968586387435,0.0,0.5019455252918288,0.40280561122244485,1,0,1,1
Cluster_2541,3,0.8453766171085626,0.4345549738219895,0.2004008016032064,0.0,0.21042084168336672,1,1,0,1
Cluster_3391,3,0.8195379085018285,0.0,0.2945891783567134,0.07003891050583655,0.45490981963927857,0,1,1,1
Cluster_1359,3,0.8191986066373586,0.4083769633507853,0.3887775551102205,0.0,0.022044088176352727,1,1,0,1
Cluster_1103,3,0.7518220583608188,0.4136125654450262,0.0,0.015564202334630295,0.3226452905811623,1,0,1,1
Cluster_2869,3,0.732940038203814,0.005235602094240788,0.6693386773547094,0.05836575875486383,0.0,1,1,1,0
Cluster_1702,3,0.7312289949548904,0.0,0.5751503006012024,0.0077821011673151474,0.14829659318637278,0,1,1,1
Cluster_4148,3,0.6899558278861387,0.03664921465968585,0.5070140280561122,0.0,0.14629258517034072,1,1,0,1
Cluster_1665,3,0.5260949915394992,0.0,0.03206412825651306,0.43190661478599224,0.06212424849699394,0,1,1,1
Cluster_640,3,0.4656196904984007,0.26178010471204194,0.11823647294589179,0.08560311284046696,0.0,1,1,1,0
Cluster_2037,2,1.9082834930561514,0.0,0.9238476953907816,0.9844357976653697,0.0,0,1,1,0
Cluster_779,2,1.836720561541932,0.8848167539267016,0.9519038076152304,0.0,0.0,1,1,0,0
Cluster_29,2,1.8286924042637804,0.0,0.0,0.8988326848249028,0.9298597194388778,0,0,1,1
Cluster_3063,2,1.8216432865731464,0.0,0.9218436873747495,0.0,0.8997995991983968,0,1,0,1
Cluster_1580,2,1.8156312625250501,0.0,0.9138276553106213,0.0,0.9018036072144289,0,1,0,1
Cluster_2608,2,1.811623246492986,0.0,0.9979959919839679,0.0,0.8136272545090181,0,1,0,1
Cluster_1651,2,1.7753727349987933,0.8795811518324608,0.8957915831663327,0.0,0.0,1,1,0,0
Cluster_3733,2,1.7715430861723447,0.0,0.8637274549098196,0.0,0.9078156312625251,0,1,0,1
Cluster_2064,2,1.7273223489781118,0.0,0.7895791583166333,0.9377431906614786,0.0,0,1,1,0
Cluster_2609,2,1.7094188376753507,0.0,0.8937875751503006,0.0,0.8156312625250501,0,1,0,1
Cluster_2833,2,1.708517530099619,0.8952879581151832,0.0,0.8132295719844358,0.0,1,0,1,0
Cluster_1416,2,1.6953907815631264,0.0,0.9178356713426854,0.0,0.7775551102204409,0,1,0,1
Cluster_1133,2,1.687928385954789,0.0,0.8396793587174349,0.8482490272373541,0.0,0,1,1,0
Cluster_500,2,1.676824466052728,0.0,0.9258517034068137,0.7509727626459144,0.0,0,1,1,0
Cluster_1446,2,1.6713426853707414,0.0,0.8216432865731462,0.0,0.8496993987975952,0,1,0,1
Cluster_49,2,1.6693386773547094,0.0,0.7474949899799599,0.0,0.9218436873747495,0,1,0,1
Cluster_4264,2,1.666952582207216,0.0,0.7875751503006012,0.8793774319066148,0.0,0,1,1,0
Cluster_3176,2,1.6513727844794648,0.0,0.8537074148296593,0.7976653696498055,0.0,0,1,1,0
Cluster_1551,2,1.6496027073602457,0.0,0.8597194388777555,0.7898832684824902,0.0,0,1,1,0
Cluster_1418,2,1.603866604192556,0.6544502617801047,0.0,0.9494163424124513,0.0,1,0,1,0
Cluster_2410,2,1.5999433421817457,0.7382198952879582,0.8617234468937875,0.0,0.0,1,1,0,0
Cluster_3969,2,1.5866392470805484,0.6387434554973822,0.9478957915831663,0.0,0.0,1,1,0,0
Cluster_1295,2,1.5779730667560803,0.0,0.6052104208416833,0.9727626459143969,0.0,0,1,1,0
Cluster_220,2,1.5691382765531063,0.0,0.9619238476953907,0.0,0.6072144288577155,0,1,0,1
Cluster_1641,2,1.56312625250501,0.0,0.6452905811623246,0.0,0.9178356713426854,0,1,0,1
Cluster_2820,2,1.5479519349984014,0.0,0.9098196392785571,0.6381322957198443,0.0,0,1,1,0
Cluster_2242,2,1.5421036625780746,0.0,0.7094188376753507,0.8326848249027238,0.0,0,1,1,0
Cluster_286,2,1.5260678424912653,0.6282722513089005,0.8977955911823647,0.0,0.0,1,1,0,0
Cluster_202,2,1.5253074241868951,0.0,0.9338677354709419,0.5914396887159533,0.0,0,1,1,0
Cluster_1791,2,1.5191849667922233,0.8638743455497382,0.655310621242485,0.0,0.0,1,1,0,0
Cluster_809,2,1.5130260521042085,0.0,0.7494989979959921,0.0,0.7635270541082164,0,1,0,1
Cluster_52,2,1.5120279469444726,0.0,0.7454909819639279,0.7665369649805447,0.0,0,1,1,0
Cluster_2955,2,1.5050100200400802,0.0,0.7675350701402806,0.0,0.7374749498997997,0,1,0,1
Cluster_1024,2,1.4989979959919841,0.0,0.8016032064128257,0.0,0.6973947895791583,0,1,0,1
Cluster_566,2,1.496993987975952,0.0,0.9318637274549099,0.0,0.5651302605210421,0,1,0,1
Cluster_2963,2,1.4820321270813879,0.7225130890052356,0.7595190380761523,0.0,0.0,1,1,0,0
Cluster_4146,2,1.4782795162309053,0.0,0.8557114228456913,0.622568093385214,0.0,0,1,1,0
Cluster_2,2,1.469990564787162,0.0,0.5050100200400802,0.9649805447470817,0.0,0,1,1,0
Cluster_3870,2,1.46906263889647,0.0,0.9398797595190381,0.5291828793774319,0.0,0,1,1,0
Cluster_3906,2,1.465467900782109,0.0,0.6833667334669339,0.7821011673151751,0.0,0,1,1,0
Cluster_3878,2,1.4516269893873348,0.0,0.875751503006012,0.5758754863813229,0.0,0,1,1,0
Cluster_1594,2,1.4475652876433496,0.806282722513089,0.6412825651302605,0.0,0.0,1,1,0,0
Cluster_129,2,1.444796207200393,0.0,0.8416833667334669,0.6031128404669261,0.0,0,1,1,0
Cluster_670,2,1.4445540295250185,0.5968586387434556,0.0,0.0,0.8476953907815631,1,0,0,1
Cluster_3287,2,1.4428857715430863,0.0,0.8677354709418837,0.0,0.5751503006012024,0,1,0,1
Cluster_897,2,1.4417083193624602,0.0,0.935871743486974,0.5058365758754864,0.0,0,1,1,0
Cluster_2946,2,1.4168336673346693,0.0,0.9659318637274549,0.0,0.45090180360721444,0,1,0,1
Cluster_4201,2,1.3947895791583167,0.0,0.43887775551102204,0.0,0.9559118236472945,0,1,0,1
Cluster_437,2,1.3921201132682788,0.6178010471204188,0.0,0.77431906614786,0.0,1,0,1,0
Cluster_2270,2,1.3859866329517674,0.5863874345549738,0.0,0.0,0.7995991983967936,1,0,0,1
Cluster_4016,2,1.3807615230460923,0.0,0.7374749498997997,0.0,0.6432865731462926,0,1,0,1
Cluster_2660,2,1.3699305225236467,0.0,0.8096192384769539,0.5603112840466926,0.0,0,1,1,0
Cluster_3445,2,1.3647294589178356,0.0,0.6953907815631262,0.0,0.6693386773547094,0,1,0,1
Cluster_2993,2,1.3600079740633098,0.5183246073298429,0.0,0.0,0.8416833667334669,1,0,0,1
Cluster_970,2,1.3567029346651418,0.581151832460733,0.0,0.0,0.7755511022044088,1,0,0,1
Cluster_2973,2,1.3539998284506756,0.0,0.0,0.49027237354085607,0.8637274549098196,0,0,1,1
Cluster_3570,2,1.340681362725451,0.0,0.3647294589178357,0.0,0.9759519038076152,0,1,0,1
Cluster_1422,2,1.3225403686955062,0.8115183246073299,0.5110220440881763,0.0,0.0,1,1,0,0
Cluster_3062,2,1.3134751177748167,0.9267015706806283,0.38677354709418843,0.0,0.0,1,1,0,0
Cluster_44,2,1.308617234468938,0.0,0.7755511022044088,0.0,0.533066132264529,0,1,0,1
Cluster_3033,2,1.3075994921780736,0.3717277486910995,0.0,0.0,0.935871743486974,1,0,0,1
Cluster_3409,2,1.3074007938055099,0.0,0.0,0.8404669260700389,0.46693386773547096,0,0,1,1
Cluster_159,2,1.2985971943887775,0.0,0.9198396793587175,0.0,0.37875751503006017,0,1,0,1
Cluster_508,2,1.2962344923309654,0.0,0.8176352705410822,0.47859922178988323,0.0,0,1,1,0
Cluster_3741,2,1.2936612524660216,0.0,0.7294589178356714,0.5642023346303502,0.0,0,1,1,0
Cluster_2227,2,1.2901210982275837,0.0,0.7414829659318638,0.5486381322957199,0.0,0,1,1,0
Cluster_191,2,1.289590854861474,0.0,0.0,0.2996108949416343,0.9899799599198397,0,0,1,1
Cluster_3528,2,1.2722487777110643,0.0,0.5290581162324649,0.7431906614785992,0.0,0,1,1,0
Cluster_3881,2,1.2705410821643288,0.0,0.6152304609218437,0.0,0.655310621242485,0,1,0,1
Cluster_2565,2,1.2691452944800106,0.0,0.0,0.5797665369649805,0.6893787575150301,0,0,1,1
Cluster_2075,2,1.2582519123850815,0.0,0.3827655310621243,0.8754863813229572,0.0,0,1,1,0
Cluster_3086,2,1.2576670851430487,0.0,0.0,0.8949416342412452,0.36272545090180364,0,0,1,1
Cluster_3450,2,1.2488556880297559,0.0,0.7274549098196392,0.5214007782101167,0.0,0,1,1,0
Cluster_61,2,1.2363481827468166,0.0,0.7655310621242485,0.4708171206225681,0.0,0,1,1,0
Cluster_3035,2,1.2238250820707561,0.0,0.8697394789579158,0.35408560311284043,0.0,0,1,1,0
Cluster_1096,2,1.2221953634896252,0.0,0.2805611222444889,0.9416342412451362,0.0,0,1,1,0
Cluster_2455,2,1.2167447735938803,0.0,0.0,0.32295719844357973,0.8937875751503006,0,0,1,1
Cluster_3457,2,1.216432865731463,0.0,0.9298597194388778,0.0,0.2865731462925851,0,1,0,1
Cluster_4125,2,1.2040345282003697,0.0,0.0,0.41245136186770426,0.7915831663326653,0,0,1,1
Cluster_3087,2,1.20135991828014,0.0,0.6332665330661322,0.5680933852140078,0.0,0,1,1,0
Cluster_4304,2,1.2004008016032064,0.0,0.9719438877755511,0.0,0.22845691382765532,0,1,0,1
Cluster_2721,2,1.2004008016032064,0.0,0.28456913827655306,0.0,0.9158316633266533,0,1,0,1
Cluster_3872,2,1.198459746718568,0.5130890052356021,0.0,0.0,0.685370741482966,1,0,0,1
Cluster_4439,2,1.189967483605343,0.0,0.0,0.7470817120622568,0.44288577154308617,0,0,1,1
Cluster_2024,2,1.183705933267313,0.0,0.4949899799599199,0.688715953307393,0.0,0,1,1,0
Cluster_3665,2,1.1756353173272616,0.0,0.0,0.9571984435797666,0.218436873747495,0,0,1,1
Cluster_2968,2,1.1552131500354794,0.0,0.3186372745490982,0.8365758754863813,0.0,0,1,1,0
Cluster_584,2,1.148233640054979,0.4869109947643979,0.0,0.0,0.6613226452905812,1,0,0,1
Cluster_365,2,1.1461522266322528,0.0,0.0,0.4046692607003891,0.7414829659318638,0,0,1,1
Cluster_1095,2,1.1261433372581737,0.0,0.5891783567134268,0.5369649805447471,0.0,0,1,1,0
Cluster_168,2,1.1202482786584844,0.0,0.5871743486973948,0.5330739299610895,0.0,0,1,1,0
Cluster_360,2,1.1142284569138277,0.0,0.2865731462925851,0.0,0.8276553106212425,0,1,0,1
Cluster_2042,2,1.1122244488977957,0.0,0.8496993987975952,0.0,0.26252505010020044,0,1,0,1
Cluster_80,2,1.1082164328657313,0.0,0.4288577154308617,0.0,0.6793587174348698,0,1,0,1
Cluster_498,2,1.1062124248496996,0.0,0.623246492985972,0.0,0.4829659318637275,0,1,0,1
Cluster_1969,2,1.1020484548864267,0.0,0.7635270541082164,0.33852140077821014,0.0,0,1,1,0
Cluster_3476,2,1.0931391578969456,0.11518324607329844,0.9779559118236473,0.0,0.0,1,1,0,0
Cluster_3458,2,1.0761523046092185,0.0,0.56312625250501,0.0,0.5130260521042085,0,1,0,1
Cluster_2538,2,1.0747253261386587,0.0,0.6272545090180361,0.44747081712062253,0.0,0,1,1,0
Cluster_3628,2,1.0741482965931866,0.0,0.6933867735470942,0.0,0.38076152304609223,0,1,0,1
Cluster_3453,2,1.0732564605651094,0.39790575916230364,0.0,0.0,0.6753507014028056,1,0,0,1
Cluster_4087,2,1.0587982247216945,0.22513089005235598,0.0,0.0,0.8336673346693386,1,0,0,1
Cluster_4085,2,1.0579588496364458,0.7172774869109948,0.3406813627254509,0.0,0.0,1,1,0,0
Cluster_2958,2,1.054739544074806,0.743455497382199,0.0,0.311284046692607,0.0,1,0,1,0
Cluster_1999,2,1.0515115834782405,0.0,0.5651302605210421,0.4863813229571985,0.0,0,1,1,0
Cluster_2144,2,1.0314325148351178,0.0,0.21042084168336672,0.8210116731517509,0.0,0,1,1,0
Cluster_1997,2,1.0200400801603204,0.0,0.6012024048096192,0.0,0.4188376753507014,0,1,0,1
Cluster_1522,2,1.0160320641282565,0.0,0.6292585170340681,0.0,0.38677354709418843,0,1,0,1
Cluster_3124,2,1.0094010009547891,0.2879581151832461,0.7214428857715431,0.0,0.0,1,1,0,0
Cluster_4018,2,1.009263663513798,0.0,0.0,0.29182879377431903,0.717434869739479,0,0,1,1
Cluster_1452,2,0.9959919839679359,0.0,0.5150300601202404,0.0,0.4809619238476954,0,1,0,1
Cluster_4384,2,0.9928339168609592,0.0,0.8877755511022044,0.10505836575875482,0.0,0,1,1,0
Cluster_3037,2,0.9859719438877755,0.0,0.44488977955911824,0.0,0.5410821643286573,0,1,0,1
Cluster_2195,2,0.9839679358717435,0.0,0.02605210420841686,0.0,0.9579158316633266,0,1,0,1
Cluster_4230,2,0.9779559118236473,0.0,0.11022044088176353,0.0,0.8677354709418837,0,1,0,1
Cluster_3723,2,0.9772307260435268,0.0,0.5531062124248497,0.4241245136186771,0.0,0,1,1,0
Cluster_1523,2,0.9762351928988868,0.3089005235602095,0.0,0.0,0.6673346693386774,1,0,0,1
Cluster_3984,2,0.9731057445630561,0.0,0.5450901803607214,0.42801556420233466,0.0,0,1,1,0
Cluster_2008,2,0.9720998417067598,0.0,0.0,0.6614785992217899,0.3106212424849699,0,0,1,1
Cluster_3963,2,0.9679358717434869,0.0,0.13827655310621245,0.0,0.8296593186372745,0,1,0,1
Cluster_2066,2,0.9668132075669664,0.18324607329842935,0.7835671342685371,0.0,0.0,1,1,0,0
Cluster_3986,2,0.9549990032420862,0.5602094240837696,0.3947895791583166,0.0,0.0,1,1,0,0
Cluster_999,2,0.9498997995991983,0.0,0.18036072144288573,0.0,0.7695390781563126,0,1,0,1
Cluster_938,2,0.9374172387801252,0.39267015706806285,0.0,0.5447470817120623,0.0,1,0,1,0
Cluster_2329,2,0.9323253837517967,0.4293193717277487,0.0,0.0,0.503006012024048,1,0,0,1
Cluster_4294,2,0.930342360112896,0.2670157068062827,0.0,0.0,0.6633266533066132,1,0,0,1
Cluster_3182,2,0.9298597194388778,0.0,0.5210420841683367,0.0,0.40881763527054105,0,1,0,1
Cluster_2841,2,0.9258517034068137,0.0,0.7695390781563126,0.0,0.15631262525050105,0,1,0,1
Cluster_1038,2,0.9238267110136503,0.16230366492146597,0.7615230460921844,0.0,0.0,1,1,0,0
Cluster_2282,2,0.9218436873747495,0.0,0.47294589178356716,0.0,0.44889779559118237,0,1,0,1
Cluster_4396,2,0.9178356713426854,0.0,0.5430861723446894,0.0,0.37474949899799603,0,1,0,1
Cluster_212,2,0.909819639278557,0.0,0.1823647294589178,0.0,0.7274549098196392,0,1,0,1
Cluster_4136,2,0.8991601880804411,0.0,0.0,0.28793774319066145,0.6112224448897796,0,0,1,1
Cluster_408,2,0.888984194069072,0.0,0.26252505010020044,0.6264591439688716,0.0,0,1,1,0
Cluster_1440,2,0.8824965105307891,0.0,0.7735470941883767,0.1089494163424124,0.0,0,1,1,0
Cluster_1324,2,0.879759519038076,0.0,0.597194388777555,0.0,0.282565130260521,0,1,0,1
Cluster_2961,2,0.8697814477121782,0.675392670157068,0.1943887775551102,0.0,0.0,1,1,0,0
Cluster_3692,2,0.8657314629258517,0.0,0.43687374749499,0.0,0.4288577154308617,0,1,0,1
Cluster_317,2,0.8620977363286886,0.0,0.27454909819639284,0.5875486381322957,0.0,0,1,1,0
Cluster_2990,2,0.8620906734935839,0.6596858638743455,0.20240480961923846,0.0,0.0,1,1,0,0
Cluster_120,2,0.8588460968629866,0.0,0.0,0.2957198443579766,0.56312625250501,0,0,1,1
Cluster_3896,2,0.858081922600064,0.0,0.8036072144288577,0.054474708171206254,0.0,0,1,1,0
Cluster_205,2,0.8391725084410065,0.0,0.4889779559118237,0.35019455252918286,0.0,0,1,1,0
Cluster_2476,2,0.8356713426853707,0.0,0.0701402805611222,0.0,0.7655310621242485,0,1,0,1
Cluster_598,2,0.8264934538337375,0.0,0.2545090180360722,0.5719844357976653,0.0,0,1,1,0
Cluster_3096,2,0.8256513026052104,0.0,0.42685370741482964,0.0,0.3987975951903807,0,1,0,1
Cluster_2181,2,0.822298293084223,0.0,0.044088176352705455,0.7782101167315175,0.0,0,1,1,0
Cluster_902,2,0.8215593490646214,0.6492146596858639,0.0,0.0,0.17234468937875747,1,0,0,1
Cluster_2969,2,0.8096192384769539,0.0,0.46893787575150303,0.0,0.3406813627254509,0,1,0,1
Cluster_996,2,0.808748386826008,0.23560209424083767,0.5731462925851704,0.0,0.0,1,1,0,0
Cluster_4306,2,0.7995991983967936,0.0,0.5270541082164328,0.0,0.27254509018036077,0,1,0,1
Cluster_2438,2,0.7929051820919326,0.774869109947644,0.0,0.0,0.018036072144288595,1,0,0,1
Cluster_800,2,0.7875751503006012,0.0,0.35470941883767537,0.0,0.43286573146292584,0,1,0,1
Cluster_1677,2,0.7735470941883767,0.0,0.6673346693386774,0.0,0.1062124248496994,0,1,0,1
Cluster_2651,2,0.7715430861723447,0.0,0.45490981963927857,0.0,0.3166332665330661,0,1,0,1
Cluster_3836,2,0.7685175799068954,0.0,0.0,0.16731517509727623,0.6012024048096192,0,0,1,1
Cluster_22,2,0.7602220147100484,0.06282722513089001,0.6973947895791583,0.0,0.0,1,1,0,0
Cluster_3742,2,0.7592357489848808,0.6910994764397906,0.06813627254509014,0.0,0.0,1,1,0,0
Cluster_27,2,0.7500604321483434,0.0,0.0,0.38132295719844356,0.36873747494989983,0,0,1,1
Cluster_3907,2,0.7354709418837676,0.0,0.24248496993987978,0.0,0.4929859719438878,0,1,0,1
Cluster_4052,2,0.7292595662529248,0.041884816753926746,0.687374749498998,0.0,0.0,1,1,0,0
Cluster_1164,2,0.7262063393803314,0.15706806282722519,0.0,0.0,0.5691382765531062,1,0,0,1
Cluster_3482,2,0.7134034606177335,0.0,0.312625250501002,0.40077821011673154,0.0,0,1,1,0
Cluster_3612,2,0.7116746582169575,0.05235602094240843,0.0,0.0,0.6593186372745491,1,0,0,1
Cluster_2734,2,0.7094188376753507,0.0,0.591182364729459,0.0,0.11823647294589179,0,1,0,1
Cluster_1313,2,0.7078592983632634,0.0,0.3226452905811623,0.38521400778210113,0.0,0,1,1,0
Cluster_3106,2,0.7041553924970564,0.0,0.0,0.17509727626459148,0.5290581162324649,0,0,1,1
Cluster_3028,2,0.7014028056112225,0.0,0.5010020040080161,0.0,0.2004008016032064,0,1,0,1
Cluster_2312,2,0.6923165703134017,0.2774869109947644,0.41482965931863724,0.0,0.0,1,1,0,0
Cluster_101,2,0.6893787575150301,0.0,0.33867735470941884,0.0,0.35070140280561124,0,1,0,1
Cluster_3756,2,0.685370741482966,0.0,0.6192384769539079,0.0,0.06613226452905807,0,1,0,1
Cluster_3260,2,0.6841011866665268,0.31937172774869105,0.0,0.0,0.3647294589178357,1,0,0,1
Cluster_3056,2,0.6831561956598021,0.0,0.0761523046092184,0.6070038910505837,0.0,0,1,1,0
Cluster_742,2,0.6765573030878511,0.16753926701570676,0.5090180360721444,0.0,0.0,1,1,0,0
Cluster_2297,2,0.676263521808014,0.4397905759162304,0.0,0.0,0.23647294589178358,1,0,0,1
Cluster_186,2,0.6750933774163113,0.0,0.2665330661322646,0.4085603112840467,0.0,0,1,1,0
Cluster_1862,2,0.6682999506867138,0.5340314136125655,0.13426853707414832,0.0,0.0,1,1,0,0
Cluster_2639,2,0.6649251811015027,0.0,0.38476953907815636,0.2801556420233463,0.0,0,1,1,0
Cluster_3971,2,0.6610185351247242,0.0,0.45090180360721444,0.21011673151750976,0.0,0,1,1,0
Cluster_2342,2,0.6519264209352557,0.0,0.006012024048096198,0.6459143968871595,0.0,0,1,1,0
Cluster_1232,2,0.6494349956457417,0.4450261780104712,0.0,0.0,0.20440881763527052,1,0,0,1
Cluster_629,2,0.6470216697987414,0.0,0.3046092184368737,0.3424124513618677,0.0,0,1,1,0
Cluster_1545,2,0.646351067894544,0.0,0.14829659318637278,0.4980544747081712,0.0,0,1,1,0
Cluster_3030,2,0.6403382681593554,0.3036649214659686,0.3366733466933868,0.0,0.0,1,1,0,0
Cluster_4057,2,0.6313716928019463,0.0,0.0,0.46303501945525294,0.16833667334669333,0,0,1,1
Cluster_3411,2,0.5991983967935871,0.0,0.2925851703406813,0.0,0.3066132264529058,0,1,0,1
Cluster_2978,2,0.5988521545709219,0.17801047120418845,0.0,0.0,0.42084168336673344,1,0,0,1
Cluster_2812,2,0.593186372745491,0.0,0.32665330661322645,0.0,0.2665330661322646,0,1,0,1
Cluster_3055,2,0.5715711578799623,0.0,0.0,0.31906614785992216,0.2525050100200401,0,0,1,1
Cluster_1804,2,0.56312625250501,0.0,0.23647294589178358,0.0,0.32665330661322645,0,1,0,1
Cluster_3270,2,0.562475736813942,0.03141361256544506,0.0,0.0,0.531062124248497,1,0,0,1
Cluster_2472,2,0.5593443696731986,0.0,0.1002004008016032,0.45914396887159536,0.0,0,1,1,0
Cluster_935,2,0.5476946110119071,0.0,0.0,0.046692607003890996,0.5010020040080161,0,0,1,1
Cluster_3051,2,0.5470941883767535,0.0,0.24849699398797598,0.0,0.2985971943887775,0,1,0,1
Cluster_1743,2,0.5381580281184938,0.0,0.4408817635270541,0.09727626459143968,0.0,0,1,1,0
Cluster_108,2,0.5378539179526368,0.0,0.0,0.30739299610894943,0.23046092184368738,0,0,1,1
Cluster_4379,2,0.5150300601202404,0.0,0.43286573146292584,0.0,0.0821643286573146,0,1,0,1
Cluster_2801,2,0.49098196392785576,0.0,0.0,0.0,0.49098196392785576,1,0,0,1
Cluster_3406,2,0.4889779559118237,0.0,0.3767535070140281,0.0,0.11222444889779559,0,1,0,1
Cluster_3136,2,0.47895791583166325,0.0,0.06212424849699394,0.0,0.4168336673346693,0,1,0,1
Cluster_3734,2,0.4775855212370266,0.0,0.2985971943887775,0.17898832684824906,0.0,0,1,1,0
Cluster_2696,2,0.4673742538757716,0.33507853403141363,0.0,0.13229571984435795,0.0,1,0,1,0
Cluster_1020,2,0.46651279212120744,0.0,0.2525050100200401,0.21400778210116733,0.0,0,1,1,0
Cluster_2432,2,0.4622708451923302,0.0,0.2404809619238477,0.22178988326848248,0.0,0,1,1,0
Cluster_2666,2,0.4589178356713427,0.0,0.23847695390781565,0.0,0.22044088176352705,0,1,0,1
Cluster_207,2,0.4429686067594272,0.3612565445026178,0.0,0.08171206225680938,0.0,1,0,1,0
Cluster_1226,2,0.434869739478958,0.0,0.16633266533066138,0.0,0.26853707414829664,0,1,0,1
Cluster_2695,2,0.4348697394789579,0.0,0.25651302605210424,0.0,0.17835671342685366,0,1,0,1
Cluster_1926,2,0.4308617234468938,0.0,0.07414829659318634,0.0,0.35671342685370744,0,1,0,1
Cluster_3646,2,0.4288577154308617,0.0,0.2124248496993988,0.0,0.21643286573146292,0,1,0,1
Cluster_1015,2,0.42603494927598384,0.0,0.3987975951903807,0.027237354085603127,0.0,0,1,1,0
Cluster_2159,2,0.3927923890235704,0.12041884816753923,0.0,0.27237354085603116,0.0,1,0,1,0
Cluster_3375,2,0.38915964224168187,0.0,0.26853707414829664,0.12062256809338523,0.0,0,1,1,0
Cluster_4406,2,0.3890582721863961,0.0,0.19839679358717432,0.19066147859922178,0.0,0,1,1,0
Cluster_3020,2,0.3837937655415543,0.04712041884816753,0.0,0.0,0.3366733466933868,1,0,0,1
Cluster_725,2,0.3823756462341025,0.0,0.03607214428857719,0.3463035019455253,0.0,0,1,1,0
Cluster_1382,2,0.3684436936700626,0.2722513089005235,0.09619238476953906,0.0,0.0,1,1,0,0
Cluster_1105,2,0.3557777032664551,0.0,0.3246492985971944,0.0311284046692607,0.0,0,1,1,0
Cluster_1922,2,0.3486973947895792,0.0,0.02004008016032066,0.0,0.3286573146292585,0,1,0,1
Cluster_3704,2,0.32665330661322645,0.0,0.030060120240480992,0.0,0.29659318637274545,0,1,0,1
Cluster_345,2,0.3238128221321327,0.09424083769633507,0.0,0.22957198443579763,0.0,1,0,1,0
Cluster_51,2,0.2945891783567134,0.0,0.17234468937875747,0.0,0.12224448897795592,0,1,0,1
Cluster_472,2,0.2853333125394759,0.0,0.0,0.24124513618677046,0.044088176352705455,0,0,1,1
Cluster_3699,2,0.28447470857946267,0.23036649214659688,0.054108216432865786,0.0,0.0,1,1,0,0
Cluster_23,2,0.2633539329968838,0.08900523560209428,0.17434869739478953,0.0,0.0,1,1,0,0
Cluster_2527,2,0.2465397721513065,0.0,0.04809619238476959,0.19844357976653693,0.0,0,1,1,0
Cluster_2423,2,0.23059348268521473,0.0,0.16833667334669333,0.0622568093385214,0.0,0,1,1,0
Cluster_3897,2,0.188376753507014,0.0,0.13226452905811625,0.0,0.05611222444889774,0,1,0,1
Cluster_1071,2,0.16633266533066127,0.0,0.08016032064128253,0.0,0.08617234468937873,0,1,0,1
Cluster_1925,2,0.08617234468937873,0.0,0.018036072144288595,0.0,0.06813627254509014,0,1,0,1
Cluster_2984,2,0.041758910491139334,0.015706806282722474,0.0,0.0,0.02605210420841686,1,0,0,1
Cluster_2336,1,1.0,0.0,0.0,0.0,1.0,0,0,0,1
Cluster_1011,1,0.9979959919839679,0.0,0.0,0.0,0.9979959919839679,0,0,0,1
Cluster_1754,1,0.9939879759519038,0.0,0.0,0.0,0.9939879759519038,0,0,0,1
Cluster_1614,1,0.9919839679358717,0.0,0.0,0.0,0.9919839679358717,0,0,0,1
Cluster_2706,1,0.9879759519038076,0.0,0.0,0.0,0.9879759519038076,0,0,0,1
Cluster_735,1,0.9859719438877755,0.0,0.0,0.0,0.9859719438877755,0,0,0,1
Cluster_2246,1,0.9839679358717435,0.0,0.0,0.0,0.9839679358717435,0,0,0,1
Cluster_3438,1,0.9799599198396793,0.0,0.0,0.0,0.9799599198396793,0,0,0,1
Cluster_3466,1,0.9739478957915831,0.0,0.9739478957915831,0.0,0.0,0,1,0,0
Cluster_4317,1,0.9739478957915831,0.0,0.0,0.0,0.9739478957915831,0,0,0,1
Cluster_4064,1,0.9719438877755511,0.0,0.0,0.0,0.9719438877755511,0,0,0,1
Cluster_2384,1,0.969939879759519,0.0,0.0,0.0,0.969939879759519,0,0,0,1
Cluster_2435,1,0.9679358717434869,0.0,0.0,0.0,0.9679358717434869,0,0,0,1
Cluster_3706,1,0.9659318637274549,0.0,0.0,0.0,0.9659318637274549,0,0,0,1
Cluster_1483,1,0.9639278557114228,0.0,0.0,0.0,0.9639278557114228,0,0,0,1
Cluster_3241,1,0.9619238476953907,0.0,0.0,0.0,0.9619238476953907,0,0,0,1
Cluster_838,1,0.9599198396793587,0.0,0.0,0.0,0.9599198396793587,0,0,0,1
Cluster_1049,1,0.9539078156312625,0.0,0.9539078156312625,0.0,0.0,0,1,0,0
Cluster_3281,1,0.9519038076152304,0.0,0.0,0.0,0.9519038076152304,0,0,0,1
Cluster_2412,1,0.9498997995991983,0.0,0.0,0.0,0.9498997995991983,0,0,0,1
Cluster_359,1,0.9478957915831663,0.0,0.0,0.0,0.9478957915831663,0,0,0,1
Cluster_3200,1,0.9438877755511021,0.0,0.0,0.0,0.9438877755511021,0,0,0,1
Cluster_2528,1,0.9438877755511021,0.0,0.9438877755511021,0.0,0.0,0,1,0,0
Cluster_413,1,0.9418837675350702,0.0,0.0,0.0,0.9418837675350702,0,0,0,1
Cluster_1850,1,0.9378757515030061,0.0,0.0,0.0,0.9378757515030061,0,0,0,1
Cluster_3752,1,0.9338677354709419,0.0,0.0,0.0,0.9338677354709419,0,0,0,1
Cluster_1535,1,0.9318637274549099,0.0,0.0,0.0,0.9318637274549099,0,0,0,1
Cluster_3651,1,0.9258517034068137,0.0,0.0,0.0,0.9258517034068137,0,0,0,1
Cluster_2323,1,0.9238476953907816,0.0,0.0,0.0,0.9238476953907816,0,0,0,1
Cluster_77,1,0.9182879377431906,0.0,0.0,0.9182879377431906,0.0,0,0,1,0
Cluster_2763,1,0.914396887159533,0.0,0.0,0.914396887159533,0.0,0,0,1,0
Cluster_1265,1,0.9138276553106213,0.0,0.0,0.0,0.9138276553106213,0,0,0,1
Cluster_4213,1,0.9118236472945892,0.0,0.9118236472945892,0.0,0.0,0,1,0,0
Cluster_2215,1,0.9118236472945892,0.0,0.0,0.0,0.9118236472945892,0,0,0,1
Cluster_4157,1,0.9098196392785571,0.0,0.0,0.0,0.9098196392785571,0,0,0,1
Cluster_490,1,0.905811623246493,0.0,0.0,0.0,0.905811623246493,0,0,0,1
Cluster_3857,1,0.9038076152304609,0.0,0.0,0.0,0.9038076152304609,0,0,0,1
Cluster_238,1,0.8977955911823647,0.0,0.0,0.0,0.8977955911823647,0,0,0,1
Cluster_1564,1,0.8957915831663327,0.0,0.0,0.0,0.8957915831663327,0,0,0,1
Cluster_1369,1,0.8917835671342685,0.0,0.0,0.0,0.8917835671342685,0,0,0,1
Cluster_939,1,0.8897795591182365,0.0,0.8897795591182365,0.0,0.0,0,1,0,0
Cluster_4234,1,0.8897795591182365,0.0,0.0,0.0,0.8897795591182365,0,0,0,1
Cluster_1245,1,0.8877755511022044,0.0,0.0,0.0,0.8877755511022044,0,0,0,1
Cluster_827,1,0.8857715430861723,0.0,0.0,0.0,0.8857715430861723,0,0,0,1
Cluster_2680,1,0.8832684824902723,0.0,0.0,0.8832684824902723,0.0,0,0,1,0
Cluster_4024,1,0.8817635270541082,0.0,0.8817635270541082,0.0,0.0,0,1,0,0
Cluster_2011,1,0.8797595190380761,0.0,0.0,0.0,0.8797595190380761,0,0,0,1
Cluster_4388,1,0.8777555110220441,0.0,0.8777555110220441,0.0,0.0,0,1,0,0
Cluster_3631,1,0.8777555110220441,0.0,0.0,0.0,0.8777555110220441,0,0,0,1
Cluster_1720,1,0.875751503006012,0.0,0.0,0.0,0.875751503006012,0,0,0,1
Cluster_1761,1,0.87374749498998,0.0,0.0,0.0,0.87374749498998,0,0,0,1
Cluster_3395,1,0.87374749498998,0.0,0.87374749498998,0.0,0.0,0,1,0,0
Cluster_689,1,0.8717434869739479,0.0,0.0,0.0,0.8717434869739479,0,0,0,1
Cluster_1970,1,0.8697394789579158,0.0,0.0,0.0,0.8697394789579158,0,0,0,1
Cluster_3894,1,0.867704280155642,0.0,0.0,0.867704280155642,0.0,0,0,1,0
Cluster_1426,1,0.8638132295719845,0.0,0.0,0.8638132295719845,0.0,0,0,1,0
Cluster_3263,1,0.8599221789883269,0.0,0.0,0.8599221789883269,0.0,0,0,1,0
Cluster_66,1,0.8597194388777555,0.0,0.0,0.0,0.8597194388777555,0,0,0,1
Cluster_1046,1,0.8577154308617234,0.0,0.0,0.0,0.8577154308617234,0,0,0,1
Cluster_2592,1,0.8557114228456913,0.0,0.0,0.0,0.8557114228456913,0,0,0,1
Cluster_1212,1,0.8537074148296593,0.0,0.0,0.0,0.8537074148296593,0,0,0,1
Cluster_1889,1,0.8517034068136272,0.0,0.0,0.0,0.8517034068136272,0,0,0,1
Cluster_2273,1,0.845691382765531,0.0,0.0,0.0,0.845691382765531,0,0,0,1
Cluster_3943,1,0.8436873747494991,0.0,0.8436873747494991,0.0,0.0,0,1,0,0
Cluster_257,1,0.8376753507014028,0.0,0.0,0.0,0.8376753507014028,0,0,0,1
Cluster_536,1,0.8376753507014028,0.0,0.8376753507014028,0.0,0.0,0,1,0,0
Cluster_716,1,0.8324607329842932,0.8324607329842932,0.0,0.0,0.0,1,0,0,0
Cluster_3209,1,0.8272251308900523,0.8272251308900523,0.0,0.0,0.0,1,0,0,0
Cluster_1606,1,0.8256513026052104,0.0,0.0,0.0,0.8256513026052104,0,0,0,1
Cluster_2526,1,0.8236472945891784,0.0,0.0,0.0,0.8236472945891784,0,0,0,1
Cluster_2780,1,0.8236472945891784,0.0,0.8236472945891784,0.0,0.0,0,1,0,0
Cluster_3529,1,0.8216432865731462,0.0,0.0,0.0,0.8216432865731462,0,0,0,1
Cluster_798,1,0.8196392785571143,0.0,0.0,0.0,0.8196392785571143,0,0,0,1
Cluster_4092,1,0.8176352705410822,0.0,0.0,0.0,0.8176352705410822,0,0,0,1
Cluster_1859,1,0.8156312625250501,0.0,0.8156312625250501,0.0,0.0,0,1,0,0
Cluster_1692,1,0.811623246492986,0.0,0.811623246492986,0.0,0.0,0,1,0,0
Cluster_5,1,0.811623246492986,0.0,0.0,0.0,0.811623246492986,0,0,0,1
Cluster_3601,1,0.8093385214007782,0.0,0.0,0.8093385214007782,0.0,0,0,1,0
Cluster_3616,1,0.8076152304609219,0.0,0.0,0.0,0.8076152304609219,0,0,0,1
Cluster_2774,1,0.8076152304609219,0.0,0.8076152304609219,0.0,0.0,0,1,0,0
Cluster_1851,1,0.8056112224448898,0.0,0.0,0.0,0.8056112224448898,0,0,0,1
Cluster_2394,1,0.8056112224448898,0.0,0.8056112224448898,0.0,0.0,0,1,0,0
Cluster_3332,1,0.8054474708171206,0.0,0.0,0.8054474708171206,0.0,0,0,1,0
Cluster_882,1,0.8036072144288577,0.0,0.0,0.0,0.8036072144288577,0,0,0,1
Cluster_2991,1,0.8016032064128257,0.0,0.0,0.0,0.8016032064128257,0,0,0,1
Cluster_755,1,0.7975951903807615,0.0,0.0,0.0,0.7975951903807615,0,0,0,1
Cluster_4328,1,0.7975951903807615,0.0,0.7975951903807615,0.0,0.0,0,1,0,0
Cluster_2658,1,0.7958115183246073,0.7958115183246073,0.0,0.0,0.0,1,0,0,0
Cluster_2629,1,0.7955911823647295,0.0,0.0,0.0,0.7955911823647295,0,0,0,1
Cluster_1,1,0.7935871743486974,0.0,0.7935871743486974,0.0,0.0,0,1,0,0
Cluster_3980,1,0.7935871743486974,0.0,0.0,0.0,0.7935871743486974,0,0,0,1
Cluster_2038,1,0.7915831663326653,0.0,0.7915831663326653,0.0,0.0,0,1,0,0
Cluster_3739,1,0.7895791583166333,0.0,0.0,0.0,0.7895791583166333,0,0,0,1
Cluster_3074,1,0.7875751503006012,0.0,0.0,0.0,0.7875751503006012,0,0,0,1
Cluster_1202,1,0.7855711422845691,0.0,0.0,0.0,0.7855711422845691,0,0,0,1
Cluster_2482,1,0.7855711422845691,0.0,0.7855711422845691,0.0,0.0,0,1,0,0
Cluster_2895,1,0.7835671342685371,0.0,0.0,0.0,0.7835671342685371,0,0,0,1
Cluster_2877,1,0.781563126252505,0.0,0.0,0.0,0.781563126252505,0,0,0,1
Cluster_3212,1,0.781563126252505,0.0,0.781563126252505,0.0,0.0,0,1,0,0
Cluster_760,1,0.779559118236473,0.0,0.0,0.0,0.779559118236473,0,0,0,1
Cluster_3253,1,0.779559118236473,0.0,0.779559118236473,0.0,0.0,0,1,0,0
Cluster_3467,1,0.7775551102204409,0.0,0.7775551102204409,0.0,0.0,0,1,0,0
Cluster_3131,1,0.7735470941883767,0.0,0.0,0.0,0.7735470941883767,0,0,0,1
Cluster_2715,1,0.7715430861723447,0.0,0.0,0.0,0.7715430861723447,0,0,0,1
Cluster_3413,1,0.7704280155642024,0.0,0.0,0.7704280155642024,0.0,0,0,1,0
Cluster_3671,1,0.7675350701402806,0.0,0.0,0.0,0.7675350701402806,0,0,0,1
Cluster_1239,1,0.7626459143968871,0.0,0.0,0.7626459143968871,0.0,0,0,1,0
Cluster_4017,1,0.7615230460921844,0.0,0.0,0.0,0.7615230460921844,0,0,0,1
Cluster_2255,1,0.7575150300601202,0.0,0.0,0.0,0.7575150300601202,0,0,0,1
Cluster_71,1,0.7555110220440882,0.0,0.7555110220440882,0.0,0.0,0,1,0,0
Cluster_3544,1,0.7535070140280561,0.0,0.0,0.0,0.7535070140280561,0,0,0,1
Cluster_3016,1,0.7535070140280561,0.0,0.7535070140280561,0.0,0.0,0,1,0,0
Cluster_1919,1,0.751503006012024,0.0,0.751503006012024,0.0,0.0,0,1,0,0
Cluster_2115,1,0.751503006012024,0.0,0.0,0.0,0.751503006012024,0,0,0,1
Cluster_1807,1,0.7494989979959921,0.0,0.0,0.0,0.7494989979959921,0,0,0,1
Cluster_2079,1,0.7454909819639279,0.0,0.0,0.0,0.7454909819639279,0,0,0,1
Cluster_3383,1,0.7434869739478958,0.0,0.0,0.0,0.7434869739478958,0,0,0,1
Cluster_3420,1,0.7394789579158316,0.0,0.7394789579158316,0.0,0.0,0,1,0,0
Cluster_2904,1,0.7394789579158316,0.0,0.0,0.0,0.7394789579158316,0,0,0,1
Cluster_4123,1,0.7392996108949417,0.0,0.0,0.7392996108949417,0.0,0,0,1,0
Cluster_4420,1,0.7354709418837675,0.0,0.7354709418837675,0.0,0.0,0,1,0,0
Cluster_325,1,0.7354709418837675,0.0,0.0,0.0,0.7354709418837675,0,0,0,1
Cluster_3991,1,0.7334669338677355,0.0,0.0,0.0,0.7334669338677355,0,0,0,1
Cluster_4175,1,0.7334669338677355,0.0,0.7334669338677355,0.0,0.0,0,1,0,0
Cluster_3295,1,0.7329842931937173,0.7329842931937173,0.0,0.0,0.0,1,0,0,0
Cluster_2430,1,0.7315175097276265,0.0,0.0,0.7315175097276265,0.0,0,0,1,0
Cluster_2926,1,0.7314629258517034,0.0,0.0,0.0,0.7314629258517034,0,0,0,1
Cluster_460,1,0.7314629258517034,0.0,0.7314629258517034,0.0,0.0,0,1,0,0
Cluster_1033,1,0.7294589178356714,0.0,0.0,0.0,0.7294589178356714,0,0,0,1
Cluster_326,1,0.727626459143969,0.0,0.0,0.727626459143969,0.0,0,0,1,0
Cluster_1439,1,0.7254509018036073,0.0,0.0,0.0,0.7254509018036073,0,0,0,1
Cluster_42,1,0.7234468937875751,0.0,0.7234468937875751,0.0,0.0,0,1,0,0
Cluster_3542,1,0.7234468937875751,0.0,0.0,0.0,0.7234468937875751,0,0,0,1
Cluster_4231,1,0.7214428857715431,0.0,0.0,0.0,0.7214428857715431,0,0,0,1
Cluster_2623,1,0.7198443579766537,0.0,0.0,0.7198443579766537,0.0,0,0,1,0
Cluster_692,1,0.719438877755511,0.0,0.719438877755511,0.0,0.0,0,1,0,0
Cluster_2988,1,0.719438877755511,0.0,0.0,0.0,0.719438877755511,0,0,0,1
Cluster_1021,1,0.717434869739479,0.0,0.717434869739479,0.0,0.0,0,1,0,0
Cluster_2720,1,0.7154308617234468,0.0,0.7154308617234468,0.0,0.0,0,1,0,0
Cluster_41,1,0.7154308617234468,0.0,0.0,0.0,0.7154308617234468,0,0,0,1
Cluster_1681,1,0.7134268537074149,0.0,0.0,0.0,0.7134268537074149,0,0,0,1
Cluster_2101,1,0.7114228456913827,0.0,0.0,0.0,0.7114228456913827,0,0,0,1
Cluster_2442,1,0.7094188376753507,0.0,0.0,0.0,0.7094188376753507,0,0,0,1
Cluster_2163,1,0.7081712062256809,0.0,0.0,0.7081712062256809,0.0,0,0,1,0
Cluster_1054,1,0.7074148296593186,0.0,0.0,0.0,0.7074148296593186,0,0,0,1
Cluster_3714,1,0.7054108216432866,0.0,0.7054108216432866,0.0,0.0,0,1,0,0
Cluster_1852,1,0.7034068136272544,0.0,0.7034068136272544,0.0,0.0,0,1,0,0
Cluster_510,1,0.7034068136272544,0.0,0.0,0.0,0.7034068136272544,0,0,0,1
Cluster_396,1,0.7014028056112225,0.0,0.7014028056112225,0.0,0.0,0,1,0,0
Cluster_4257,1,0.7003891050583657,0.0,0.0,0.7003891050583657,0.0,0,0,1,0
Cluster_1646,1,0.6993987975951903,0.0,0.0,0.0,0.6993987975951903,0,0,0,1
Cluster_2375,1,0.6953907815631262,0.0,0.0,0.0,0.6953907815631262,0,0,0,1
Cluster_3535,1,0.6933867735470942,0.0,0.0,0.0,0.6933867735470942,0,0,0,1
Cluster_3877,1,0.6926070038910506,0.0,0.0,0.6926070038910506,0.0,0,0,1,0
Cluster_1745,1,0.6913827655310621,0.0,0.0,0.0,0.6913827655310621,0,0,0,1
Cluster_2647,1,0.6893787575150301,0.0,0.6893787575150301,0.0,0.0,0,1,0,0
Cluster_603,1,0.6833667334669339,0.0,0.0,0.0,0.6833667334669339,0,0,0,1
Cluster_1897,1,0.6813627254509018,0.0,0.6813627254509018,0.0,0.0,0,1,0,0
Cluster_198,1,0.6813627254509018,0.0,0.0,0.0,0.6813627254509018,0,0,0,1
Cluster_3978,1,0.6773547094188377,0.0,0.0,0.0,0.6773547094188377,0,0,0,1
Cluster_911,1,0.6770428015564203,0.0,0.0,0.6770428015564203,0.0,0,0,1,0
Cluster_535,1,0.6753507014028056,0.0,0.6753507014028056,0.0,0.0,0,1,0,0
Cluster_55,1,0.6733466933867736,0.0,0.0,0.0,0.6733466933867736,0,0,0,1
Cluster_1806,1,0.6733466933867736,0.0,0.6733466933867736,0.0,0.0,0,1,0,0
Cluster_642,1,0.6731517509727627,0.0,0.0,0.6731517509727627,0.0,0,0,1,0
Cluster_3841,1,0.6713426853707415,0.0,0.0,0.0,0.6713426853707415,0,0,0,1
Cluster_2649,1,0.6713426853707415,0.0,0.6713426853707415,0.0,0.0,0,1,0,0
Cluster_3492,1,0.6692607003891051,0.0,0.0,0.6692607003891051,0.0,0,0,1,0
Cluster_4161,1,0.6653696498054475,0.0,0.0,0.6653696498054475,0.0,0,0,1,0
Cluster_2591,1,0.6653306613226453,0.0,0.6653306613226453,0.0,0.0,0,1,0,0
Cluster_3306,1,0.6653306613226453,0.0,0.0,0.0,0.6653306613226453,0,0,0,1
Cluster_2040,1,0.6633266533066132,0.0,0.6633266533066132,0.0,0.0,0,1,0,0
Cluster_4114,1,0.6613226452905812,0.0,0.6613226452905812,0.0,0.0,0,1,0,0
Cluster_442,1,0.6593186372745491,0.0,0.6593186372745491,0.0,0.0,0,1,0,0
Cluster_1727,1,0.657314629258517,0.0,0.0,0.0,0.657314629258517,0,0,0,1
Cluster_1733,1,0.657314629258517,0.0,0.657314629258517,0.0,0.0,0,1,0,0
Cluster_1672,1,0.6536964980544747,0.0,0.0,0.6536964980544747,0.0,0,0,1,0
Cluster_146,1,0.6533066132264529,0.0,0.0,0.0,0.6533066132264529,0,0,0,1
Cluster_2771,1,0.6533066132264529,0.0,0.6533066132264529,0.0,0.0,0,1,0,0
Cluster_473,1,0.6513026052104208,0.0,0.6513026052104208,0.0,0.0,0,1,0,0
Cluster_2483,1,0.6513026052104208,0.0,0.0,0.0,0.6513026052104208,0,0,0,1
Cluster_1616,1,0.6472945891783567,0.0,0.0,0.0,0.6472945891783567,0,0,0,1
Cluster_2910,1,0.6472945891783567,0.0,0.6472945891783567,0.0,0.0,0,1,0,0
Cluster_4152,1,0.6452905811623246,0.0,0.0,0.0,0.6452905811623246,0,0,0,1
Cluster_3267,1,0.6432865731462926,0.0,0.6432865731462926,0.0,0.0,0,1,0,0
Cluster_1822,1,0.6392785571142284,0.0,0.0,0.0,0.6392785571142284,0,0,0,1
Cluster_1667,1,0.6392785571142284,0.0,0.6392785571142284,0.0,0.0,0,1,0,0
Cluster_1792,1,0.6372745490981964,0.0,0.6372745490981964,0.0,0.0,0,1,0,0
Cluster_1246,1,0.6372745490981964,0.0,0.0,0.0,0.6372745490981964,0,0,0,1
Cluster_1444,1,0.6352705410821644,0.0,0.6352705410821644,0.0,0.0,0,1,0,0
Cluster_583,1,0.6352705410821644,0.0,0.0,0.0,0.6352705410821644,0,0,0,1
Cluster_4198,1,0.6342412451361867,0.0,0.0,0.6342412451361867,0.0,0,0,1,0
Cluster_2893,1,0.6335078534031413,0.6335078534031413,0.0,0.0,0.0,1,0,0,0
Cluster_3518,1,0.6332665330661322,0.0,0.0,0.0,0.6332665330661322,0,0,0,1
Cluster_3380,1,0.6312625250501003,0.0,0.0,0.0,0.6312625250501003,0,0,0,1
Cluster_3587,1,0.6292585170340681,0.0,0.0,0.0,0.6292585170340681,0,0,0,1
Cluster_2947,1,0.6272545090180361,0.0,0.0,0.0,0.6272545090180361,0,0,0,1
Cluster_4029,1,0.625250501002004,0.0,0.0,0.0,0.625250501002004,0,0,0,1
Cluster_3985,1,0.625250501002004,0.0,0.625250501002004,0.0,0.0,0,1,0,0
Cluster_567,1,0.623246492985972,0.0,0.0,0.0,0.623246492985972,0,0,0,1
Cluster_2983,1,0.6212424849699398,0.0,0.6212424849699398,0.0,0.0,0,1,0,0
Cluster_2367,1,0.6212424849699398,0.0,0.0,0.0,0.6212424849699398,0,0,0,1
Cluster_1420,1,0.6192384769539079,0.0,0.0,0.0,0.6192384769539079,0,0,0,1
Cluster_4037,1,0.6186770428015564,0.0,0.0,0.6186770428015564,0.0,0,0,1,0
Cluster_2580,1,0.6172344689378757,0.0,0.6172344689378757,0.0,0.0,0,1,0,0
Cluster_3437,1,0.6172344689378757,0.0,0.0,0.0,0.6172344689378757,0,0,0,1
Cluster_1228,1,0.6152304609218437,0.0,0.0,0.0,0.6152304609218437,0,0,0,1
Cluster_2422,1,0.6132264529058116,0.0,0.0,0.0,0.6132264529058116,0,0,0,1
Cluster_1137,1,0.6132264529058116,0.0,0.6132264529058116,0.0,0.0,0,1,0,0
Cluster_1146,1,0.6112224448897796,0.0,0.6112224448897796,0.0,0.0,0,1,0,0
Cluster_1655,1,0.6092184368737474,0.0,0.6092184368737474,0.0,0.0,0,1,0,0
Cluster_1508,1,0.6092184368737474,0.0,0.0,0.0,0.6092184368737474,0,0,0,1
Cluster_4345,1,0.6052104208416833,0.0,0.0,0.0,0.6052104208416833,0,0,0,1
Cluster_1789,1,0.6032064128256514,0.0,0.0,0.0,0.6032064128256514,0,0,0,1
Cluster_1163,1,0.6032064128256514,0.0,0.6032064128256514,0.0,0.0,0,1,0,0
Cluster_3722,1,0.597194388777555,0.0,0.0,0.0,0.597194388777555,0,0,0,1
Cluster_687,1,0.5951903807615231,0.0,0.5951903807615231,0.0,0.0,0,1,0,0
Cluster_373,1,0.5951903807615231,0.0,0.0,0.0,0.5951903807615231,0,0,0,1
Cluster_3664,1,0.5931863727454909,0.0,0.0,0.0,0.5931863727454909,0,0,0,1
Cluster_2260,1,0.5931863727454909,0.0,0.5931863727454909,0.0,0.0,0,1,0,0
Cluster_4337,1,0.5916230366492147,0.5916230366492147,0.0,0.0,0.0,1,0,0,0
Cluster_4272,1,0.591182364729459,0.0,0.0,0.0,0.591182364729459,0,0,0,1
Cluster_723,1,0.5891783567134268,0.0,0.0,0.0,0.5891783567134268,0,0,0,1
Cluster_2779,1,0.5851703406813626,0.0,0.0,0.0,0.5851703406813626,0,0,0,1
Cluster_3011,1,0.5836575875486381,0.0,0.0,0.5836575875486381,0.0,0,0,1,0
Cluster_2332,1,0.5831663326653307,0.0,0.5831663326653307,0.0,0.0,0,1,0,0
Cluster_3796,1,0.5831663326653307,0.0,0.0,0.0,0.5831663326653307,0,0,0,1
Cluster_163,1,0.5811623246492986,0.0,0.0,0.0,0.5811623246492986,0,0,0,1
Cluster_1306,1,0.5811623246492986,0.0,0.5811623246492986,0.0,0.0,0,1,0,0
Cluster_424,1,0.5791583166332666,0.0,0.5791583166332666,0.0,0.0,0,1,0,0
Cluster_3144,1,0.5771543086172345,0.0,0.5771543086172345,0.0,0.0,0,1,0,0
Cluster_2413,1,0.5771543086172345,0.0,0.0,0.0,0.5771543086172345,0,0,0,1
Cluster_2912,1,0.5711422845691383,0.0,0.5711422845691383,0.0,0.0,0,1,0,0
Cluster_237,1,0.5711422845691383,0.0,0.0,0.0,0.5711422845691383,0,0,0,1
Cluster_353,1,0.5691382765531062,0.0,0.5691382765531062,0.0,0.0,0,1,0,0
Cluster_1039,1,0.5671342685370742,0.0,0.0,0.0,0.5671342685370742,0,0,0,1
Cluster_3429,1,0.5671342685370742,0.0,0.5671342685370742,0.0,0.0,0,1,0,0
Cluster_3768,1,0.5654450261780104,0.5654450261780104,0.0,0.0,0.0,1,0,0,0
Cluster_891,1,0.561122244488978,0.0,0.0,0.0,0.561122244488978,0,0,0,1
Cluster_1763,1,0.561122244488978,0.0,0.561122244488978,0.0,0.0,0,1,0,0
Cluster_2576,1,0.5591182364729459,0.0,0.0,0.0,0.5591182364729459,0,0,0,1
Cluster_2205,1,0.5571142284569138,0.0,0.5571142284569138,0.0,0.0,0,1,0,0
Cluster_3745,1,0.5571142284569138,0.0,0.0,0.0,0.5571142284569138,0,0,0,1
Cluster_1621,1,0.5551102204408818,0.0,0.0,0.0,0.5551102204408818,0,0,0,1
Cluster_2756,1,0.5551102204408818,0.0,0.5551102204408818,0.0,0.0,0,1,0,0
Cluster_4187,1,0.5531062124248497,0.0,0.0,0.0,0.5531062124248497,0,0,0,1
Cluster_3472,1,0.5525291828793775,0.0,0.0,0.5525291828793775,0.0,0,0,1,0
Cluster_2095,1,0.5511022044088176,0.0,0.5511022044088176,0.0,0.0,0,1,0,0
Cluster_1045,1,0.5511022044088176,0.0,0.0,0.0,0.5511022044088176,0,0,0,1
Cluster_4412,1,0.549738219895288,0.549738219895288,0.0,0.0,0.0,1,0,0,0
Cluster_1474,1,0.5490981963927856,0.0,0.0,0.0,0.5490981963927856,0,0,0,1
Cluster_3979,1,0.5490981963927856,0.0,0.5490981963927856,0.0,0.0,0,1,0,0
Cluster_3446,1,0.5470941883767535,0.0,0.5470941883767535,0.0,0.0,0,1,0,0
Cluster_2258,1,0.5470941883767535,0.0,0.0,0.0,0.5470941883767535,0,0,0,1
Cluster_1732,1,0.5450901803607214,0.0,0.0,0.0,0.5450901803607214,0,0,0,1
Cluster_3913,1,0.5430861723446894,0.0,0.0,0.0,0.5430861723446894,0,0,0,1
Cluster_2372,1,0.5410821643286573,0.0,0.5410821643286573,0.0,0.0,0,1,0,0
Cluster_1605,1,0.5390781563126252,0.0,0.0,0.0,0.5390781563126252,0,0,0,1
Cluster_67,1,0.5390781563126252,0.0,0.5390781563126252,0.0,0.0,0,1,0,0
Cluster_478,1,0.5370741482965932,0.0,0.5370741482965932,0.0,0.0,0,1,0,0
Cluster_1227,1,0.5370741482965932,0.0,0.0,0.0,0.5370741482965932,0,0,0,1
Cluster_2090,1,0.5350701402805611,0.0,0.0,0.0,0.5350701402805611,0,0,0,1
Cluster_195,1,0.5350701402805611,0.0,0.5350701402805611,0.0,0.0,0,1,0,0
Cluster_1183,1,0.533066132264529,0.0,0.533066132264529,0.0,0.0,0,1,0,0
Cluster_2368,1,0.531062124248497,0.0,0.531062124248497,0.0,0.0,0,1,0,0
Cluster_1305,1,0.5250501002004009,0.0,0.0,0.0,0.5250501002004009,0,0,0,1
Cluster_1700,1,0.5235602094240838,0.5235602094240838,0.0,0.0,0.0,1,0,0,0
Cluster_4408,1,0.5230460921843687,0.0,0.5230460921843687,0.0,0.0,0,1,0,0
Cluster_1428,1,0.5210420841683367,0.0,0.0,0.0,0.5210420841683367,0,0,0,1
Cluster_4401,1,0.5190380761523046,0.0,0.0,0.0,0.5190380761523046,0,0,0,1
Cluster_1773,1,0.5190380761523046,0.0,0.5190380761523046,0.0,0.0,0,1,0,0
Cluster_4307,1,0.5170340681362726,0.0,0.0,0.0,0.5170340681362726,0,0,0,1
Cluster_4392,1,0.5170340681362726,0.0,0.5170340681362726,0.0,0.0,0,1,0,0
Cluster_1004,1,0.5150300601202404,0.0,0.0,0.0,0.5150300601202404,0,0,0,1
Cluster_4427,1,0.5136186770428015,0.0,0.0,0.5136186770428015,0.0,0,0,1,0
Cluster_157,1,0.5110220440881763,0.0,0.0,0.0,0.5110220440881763,0,0,0,1
Cluster_3747,1,0.5097276264591439,0.0,0.0,0.5097276264591439,0.0,0,0,1,0
Cluster_4143,1,0.5070140280561122,0.0,0.0,0.0,0.5070140280561122,0,0,0,1
Cluster_2722,1,0.5050100200400802,0.0,0.0,0.0,0.5050100200400802,0,0,0,1
Cluster_3195,1,0.503006012024048,0.0,0.503006012024048,0.0,0.0,0,1,0,0
Cluster_3064,1,0.5026178010471204,0.5026178010471204,0.0,0.0,0.0,1,0,0,0
Cluster_3475,1,0.498997995991984,0.0,0.0,0.0,0.498997995991984,0,0,0,1
Cluster_4398,1,0.49699398797595196,0.0,0.49699398797595196,0.0,0.0,0,1,0,0
Cluster_3735,1,0.49699398797595196,0.0,0.0,0.0,0.49699398797595196,0,0,0,1
Cluster_480,1,0.49416342412451364,0.0,0.0,0.49416342412451364,0.0,0,0,1,0
Cluster_1241,1,0.4921465968586387,0.4921465968586387,0.0,0.0,0.0,1,0,0,0
Cluster_4372,1,0.49098196392785576,0.0,0.49098196392785576,0.0,0.0,0,1,0,0
Cluster_3043,1,0.4889779559118237,0.0,0.0,0.0,0.4889779559118237,0,0,0,1
Cluster_4290,1,0.4869739478957916,0.0,0.0,0.0,0.4869739478957916,0,0,0,1
Cluster_2104,1,0.4869739478957916,0.0,0.4869739478957916,0.0,0.0,0,1,0,0
Cluster_830,1,0.48496993987975956,0.0,0.0,0.0,0.48496993987975956,0,0,0,1
Cluster_2016,1,0.48496993987975956,0.0,0.48496993987975956,0.0,0.0,0,1,0,0
Cluster_350,1,0.4829659318637275,0.0,0.4829659318637275,0.0,0.0,0,1,0,0
Cluster_1597,1,0.4824902723735408,0.0,0.0,0.4824902723735408,0.0,0,0,1,0
Cluster_3276,1,0.4809619238476954,0.0,0.4809619238476954,0.0,0.0,0,1,0,0
Cluster_3670,1,0.47895791583166336,0.0,0.0,0.0,0.47895791583166336,0,0,0,1
Cluster_213,1,0.4769539078156313,0.0,0.0,0.0,0.4769539078156313,0,0,0,1
Cluster_3104,1,0.4769539078156313,0.0,0.4769539078156313,0.0,0.0,0,1,0,0
Cluster_3868,1,0.47494989979959923,0.0,0.47494989979959923,0.0,0.0,0,1,0,0
Cluster_2065,1,0.47494989979959923,0.0,0.0,0.0,0.47494989979959923,0,0,0,1
Cluster_14,1,0.47294589178356716,0.0,0.0,0.0,0.47294589178356716,0,0,0,1
Cluster_3577,1,0.47120418848167545,0.47120418848167545,0.0,0.0,0.0,1,0,0,0
Cluster_197,1,0.4709418837675351,0.0,0.0,0.0,0.4709418837675351,0,0,0,1
Cluster_143,1,0.46893787575150303,0.0,0.0,0.0,0.46893787575150303,0,0,0,1
Cluster_457,1,0.46693386773547096,0.0,0.46693386773547096,0.0,0.0,0,1,0,0
Cluster_414,1,0.4669260700389105,0.0,0.0,0.4669260700389105,0.0,0,0,1,0
Cluster_3023,1,0.46596858638743455,0.46596858638743455,0.0,0.0,0.0,1,0,0,0
Cluster_971,1,0.4649298597194389,0.0,0.4649298597194389,0.0,0.0,0,1,0,0
Cluster_2942,1,0.46292585170340683,0.0,0.46292585170340683,0.0,0.0,0,1,0,0
Cluster_3113,1,0.46092184368737477,0.0,0.46092184368737477,0.0,0.0,0,1,0,0
Cluster_2598,1,0.46073298429319376,0.46073298429319376,0.0,0.0,0.0,1,0,0,0
Cluster_3112,1,0.4589178356713427,0.0,0.4589178356713427,0.0,0.0,0,1,0,0
Cluster_2648,1,0.4589178356713427,0.0,0.0,0.0,0.4589178356713427,0,0,0,1
Cluster_2030,1,0.45691382765531063,0.0,0.0,0.0,0.45691382765531063,0,0,0,1
Cluster_1487,1,0.45549738219895286,0.45549738219895286,0.0,0.0,0.0,1,0,0,0
Cluster_734,1,0.4529058116232465,0.0,0.4529058116232465,0.0,0.0,0,1,0,0
Cluster_99,1,0.4529058116232465,0.0,0.0,0.0,0.4529058116232465,0,0,0,1
Cluster_1524,1,0.4513618677042801,0.0,0.0,0.4513618677042801,0.0,0,0,1,0
Cluster_3848,1,0.44889779559118237,0.0,0.44889779559118237,0.0,0.0,0,1,0,0
Cluster_123,1,0.4468937875751503,0.0,0.4468937875751503,0.0,0.0,0,1,0,0
Cluster_26,1,0.4468937875751503,0.0,0.0,0.0,0.4468937875751503,0,0,0,1
Cluster_2737,1,0.44488977955911824,0.0,0.0,0.0,0.44488977955911824,0,0,0,1
Cluster_3231,1,0.43887775551102204,0.0,0.0,0.0,0.43887775551102204,0,0,0,1
Cluster_1563,1,0.43687374749499,0.0,0.0,0.0,0.43687374749499,0,0,0,1
Cluster_436,1,0.4357976653696498,0.0,0.0,0.4357976653696498,0.0,0,0,1,0
Cluster_3759,1,0.4348697394789579,0.0,0.0,0.0,0.4348697394789579,0,0,0,1
Cluster_973,1,0.4308617234468938,0.0,0.0,0.0,0.4308617234468938,0,0,0,1
Cluster_1088,1,0.4248496993987976,0.0,0.0,0.0,0.4248496993987976,0,0,0,1
Cluster_4177,1,0.4248496993987976,0.0,0.4248496993987976,0.0,0.0,0,1,0,0
Cluster_3018,1,0.4240837696335078,0.4240837696335078,0.0,0.0,0.0,1,0,0,0
Cluster_1698,1,0.4228456913827655,0.0,0.4228456913827655,0.0,0.0,0,1,0,0
Cluster_1355,1,0.42084168336673344,0.0,0.42084168336673344,0.0,0.0,0,1,0,0
Cluster_265,1,0.4202334630350194,0.0,0.0,0.4202334630350194,0.0,0,0,1,0
Cluster_3949,1,0.4188376753507014,0.0,0.4188376753507014,0.0,0.0,0,1,0,0
Cluster_2954,1,0.4168336673346693,0.0,0.4168336673346693,0.0,0.0,0,1,0,0
Cluster_703,1,0.41634241245136183,0.0,0.0,0.41634241245136183,0.0,0,0,1,0
Cluster_211,1,0.4128256513026052,0.0,0.4128256513026052,0.0,0.0,0,1,0,0
Cluster_20,1,0.4128256513026052,0.0,0.0,0.0,0.4128256513026052,0,0,0,1
Cluster_699,1,0.406813627254509,0.0,0.0,0.0,0.406813627254509,0,0,0,1
Cluster_2251,1,0.4048096192384769,0.0,0.4048096192384769,0.0,0.0,0,1,0,0
Cluster_1050,1,0.4048096192384769,0.0,0.0,0.0,0.4048096192384769,0,0,0,1
Cluster_1435,1,0.40314136125654454,0.40314136125654454,0.0,0.0,0.0,1,0,0,0
Cluster_4381,1,0.40280561122244485,0.0,0.40280561122244485,0.0,0.0,0,1,0,0
Cluster_4310,1,0.4008016032064128,0.0,0.4008016032064128,0.0,0.0,0,1,0,0
Cluster_261,1,0.4008016032064128,0.0,0.0,0.0,0.4008016032064128,0,0,0,1
Cluster_2155,1,0.39679358717434865,0.0,0.0,0.0,0.39679358717434865,0,0,0,1
Cluster_3716,1,0.39679358717434865,0.0,0.39679358717434865,0.0,0.0,0,1,0,0
Cluster_3730,1,0.3947895791583166,0.0,0.0,0.0,0.3947895791583166,0,0,0,1
Cluster_3540,1,0.3929961089494164,0.0,0.0,0.3929961089494164,0.0,0,0,1,0
Cluster_2714,1,0.3927855711422845,0.0,0.0,0.0,0.3927855711422845,0,0,0,1
Cluster_214,1,0.3927855711422845,0.0,0.3927855711422845,0.0,0.0,0,1,0,0
Cluster_2214,1,0.39078156312625245,0.0,0.39078156312625245,0.0,0.0,0,1,0,0
Cluster_646,1,0.39078156312625245,0.0,0.0,0.0,0.39078156312625245,0,0,0,1
Cluster_3607,1,0.3887775551102205,0.0,0.0,0.0,0.3887775551102205,0,0,0,1
Cluster_2501,1,0.38743455497382195,0.38743455497382195,0.0,0.0,0.0,1,0,0,0
Cluster_906,1,0.38476953907815636,0.0,0.0,0.0,0.38476953907815636,0,0,0,1
Cluster_2360,1,0.3827655310621243,0.0,0.0,0.0,0.3827655310621243,0,0,0,1
Cluster_3510,1,0.38219895287958117,0.38219895287958117,0.0,0.0,0.0,1,0,0,0
Cluster_4434,1,0.38076152304609223,0.0,0.38076152304609223,0.0,0.0,0,1,0,0
Cluster_2865,1,0.37875751503006017,0.0,0.37875751503006017,0.0,0.0,0,1,0,0
Cluster_4001,1,0.377431906614786,0.0,0.0,0.377431906614786,0.0,0,0,1,0
Cluster_3480,1,0.37696335078534027,0.37696335078534027,0.0,0.0,0.0,1,0,0,0
Cluster_2775,1,0.3767535070140281,0.0,0.0,0.0,0.3767535070140281,0,0,0,1
Cluster_2962,1,0.37474949899799603,0.0,0.37474949899799603,0.0,0.0,0,1,0,0
Cluster_1814,1,0.3735408560311284,0.0,0.0,0.3735408560311284,0.0,0,0,1,0
Cluster_3698,1,0.37274549098196397,0.0,0.0,0.0,0.37274549098196397,0,0,0,1
Cluster_291,1,0.3707414829659319,0.0,0.0,0.0,0.3707414829659319,0,0,0,1
Cluster_1060,1,0.3707414829659319,0.0,0.3707414829659319,0.0,0.0,0,1,0,0
Cluster_4229,1,0.36964980544747084,0.0,0.0,0.36964980544747084,0.0,0,0,1,0
Cluster_573,1,0.36873747494989983,0.0,0.36873747494989983,0.0,0.0,0,1,0,0
Cluster_518,1,0.36673346693386777,0.0,0.36673346693386777,0.0,0.0,0,1,0,0
Cluster_3634,1,0.3664921465968587,0.3664921465968587,0.0,0.0,0.0,1,0,0,0
Cluster_1793,1,0.36575875486381326,0.0,0.0,0.36575875486381326,0.0,0,0,1,0
Cluster_3303,1,0.36272545090180364,0.0,0.36272545090180364,0.0,0.0,0,1,0,0
Cluster_4246,1,0.3618677042801557,0.0,0.0,0.3618677042801557,0.0,0,0,1,0
Cluster_551,1,0.36072144288577157,0.0,0.0,0.0,0.36072144288577157,0,0,0,1
Cluster_4241,1,0.36072144288577157,0.0,0.36072144288577157,0.0,0.0,0,1,0,0
Cluster_4098,1,0.3587174348697395,0.0,0.3587174348697395,0.0,0.0,0,1,0,0
Cluster_2062,1,0.3587174348697395,0.0,0.0,0.0,0.3587174348697395,0,0,0,1
Cluster_1349,1,0.357976653696498,0.0,0.0,0.357976653696498,0.0,0,0,1,0
Cluster_2378,1,0.35671342685370744,0.0,0.35671342685370744,0.0,0.0,0,1,0,0
Cluster_1417,1,0.356020942408377,0.356020942408377,0.0,0.0,0.0,1,0,0,0
Cluster_1008,1,0.35470941883767537,0.0,0.0,0.0,0.35470941883767537,0,0,0,1
Cluster_1596,1,0.3527054108216433,0.0,0.3527054108216433,0.0,0.0,0,1,0,0
Cluster_1203,1,0.3527054108216433,0.0,0.0,0.0,0.3527054108216433,0,0,0,1
Cluster_2027,1,0.35070140280561124,0.0,0.35070140280561124,0.0,0.0,0,1,0,0
Cluster_318,1,0.3486973947895792,0.0,0.3486973947895792,0.0,0.0,0,1,0,0
Cluster_1138,1,0.3466933867735471,0.0,0.0,0.0,0.3466933867735471,0,0,0,1
Cluster_262,1,0.3466933867735471,0.0,0.3466933867735471,0.0,0.0,0,1,0,0
Cluster_3738,1,0.3455497382198953,0.3455497382198953,0.0,0.0,0.0,1,0,0,0
Cluster_465,1,0.34468937875751504,0.0,0.0,0.0,0.34468937875751504,0,0,0,1
Cluster_3689,1,0.34468937875751504,0.0,0.34468937875751504,0.0,0.0,0,1,0,0
Cluster_2976,1,0.342685370741483,0.0,0.0,0.0,0.342685370741483,0,0,0,1
Cluster_272,1,0.342685370741483,0.0,0.342685370741483,0.0,0.0,0,1,0,0
Cluster_4048,1,0.3403141361256544,0.3403141361256544,0.0,0.0,0.0,1,0,0,0
Cluster_2311,1,0.33867735470941884,0.0,0.0,0.0,0.33867735470941884,0,0,0,1
Cluster_4254,1,0.3346693386773547,0.0,0.0,0.0,0.3346693386773547,0,0,0,1
Cluster_92,1,0.3346693386773547,0.0,0.3346693386773547,0.0,0.0,0,1,0,0
Cluster_199,1,0.33463035019455256,0.0,0.0,0.33463035019455256,0.0,0,0,1,0
Cluster_4074,1,0.33266533066132264,0.0,0.0,0.0,0.33266533066132264,0,0,0,1
Cluster_3474,1,0.33266533066132264,0.0,0.33266533066132264,0.0,0.0,0,1,0,0
Cluster_4277,1,0.3306613226452906,0.0,0.0,0.0,0.3306613226452906,0,0,0,1
Cluster_2612,1,0.3306613226452906,0.0,0.3306613226452906,0.0,0.0,0,1,0,0
Cluster_447,1,0.32984293193717273,0.32984293193717273,0.0,0.0,0.0,1,0,0,0
Cluster_435,1,0.3286573146292585,0.0,0.3286573146292585,0.0,0.0,0,1,0,0
Cluster_913,1,0.3268482490272373,0.0,0.0,0.3268482490272373,0.0,0,0,1,0
Cluster_2263,1,0.3246492985971944,0.0,0.0,0.0,0.3246492985971944,0,0,0,1
Cluster_3052,1,0.32064128256513025,0.0,0.32064128256513025,0.0,0.0,0,1,0,0
Cluster_3272,1,0.32064128256513025,0.0,0.0,0.0,0.32064128256513025,0,0,0,1
Cluster_201,1,0.3186372745490982,0.0,0.0,0.0,0.3186372745490982,0,0,0,1
Cluster_450,1,0.3166332665330661,0.0,0.3166332665330661,0.0,0.0,0,1,0,0
Cluster_1526,1,0.31462925851703405,0.0,0.31462925851703405,0.0,0.0,0,1,0,0
Cluster_356,1,0.312625250501002,0.0,0.0,0.0,0.312625250501002,0,0,0,1
Cluster_2464,1,0.30861723446893785,0.0,0.0,0.0,0.30861723446893785,0,0,0,1
Cluster_2808,1,0.30861723446893785,0.0,0.30861723446893785,0.0,0.0,0,1,0,0
Cluster_3297,1,0.3066132264529058,0.0,0.3066132264529058,0.0,0.0,0,1,0,0
Cluster_3015,1,0.3046092184368737,0.0,0.0,0.0,0.3046092184368737,0,0,0,1
Cluster_1841,1,0.30350194552529186,0.0,0.0,0.30350194552529186,0.0,0,0,1,0
Cluster_3656,1,0.30260521042084165,0.0,0.30260521042084165,0.0,0.0,0,1,0,0
Cluster_1438,1,0.3006012024048096,0.0,0.0,0.0,0.3006012024048096,0,0,0,1
Cluster_431,1,0.2945891783567134,0.0,0.0,0.0,0.2945891783567134,0,0,0,1
Cluster_1974,1,0.2925851703406813,0.0,0.0,0.0,0.2925851703406813,0,0,0,1
Cluster_3630,1,0.29058116232464926,0.0,0.0,0.0,0.29058116232464926,0,0,0,1
Cluster_1186,1,0.29058116232464926,0.0,0.29058116232464926,0.0,0.0,0,1,0,0
Cluster_3361,1,0.2885771543086172,0.0,0.0,0.0,0.2885771543086172,0,0,0,1
Cluster_3365,1,0.28456913827655306,0.0,0.0,0.0,0.28456913827655306,0,0,0,1
Cluster_2643,1,0.2840466926070039,0.0,0.0,0.2840466926070039,0.0,0,0,1,0
Cluster_1921,1,0.2827225130890052,0.2827225130890052,0.0,0.0,0.0,1,0,0,0
Cluster_45,1,0.282565130260521,0.0,0.282565130260521,0.0,0.0,0,1,0,0
Cluster_3821,1,0.2805611222444889,0.0,0.0,0.0,0.2805611222444889,0,0,0,1
Cluster_1488,1,0.27855711422845686,0.0,0.0,0.0,0.27855711422845686,0,0,0,1
Cluster_2762,1,0.27855711422845686,0.0,0.27855711422845686,0.0,0.0,0,1,0,0
Cluster_4274,1,0.2765531062124249,0.0,0.2765531062124249,0.0,0.0,0,1,0,0
Cluster_3817,1,0.2765531062124249,0.0,0.0,0.0,0.2765531062124249,0,0,0,1
Cluster_497,1,0.27454909819639284,0.0,0.0,0.0,0.27454909819639284,0,0,0,1
Cluster_862,1,0.27254509018036077,0.0,0.27254509018036077,0.0,0.0,0,1,0,0
Cluster_3201,1,0.2705410821643287,0.0,0.0,0.0,0.2705410821643287,0,0,0,1
Cluster_1961,1,0.2705410821643287,0.0,0.2705410821643287,0.0,0.0,0,1,0,0
Cluster_422,1,0.2645914396887159,0.0,0.0,0.2645914396887159,0.0,0,0,1,0
Cluster_1066,1,0.2645290581162325,0.0,0.2645290581162325,0.0,0.0,0,1,0,0
Cluster_3359,1,0.2607003891050583,0.0,0.0,0.2607003891050583,0.0,0,0,1,0
Cluster_705,1,0.2605210420841684,0.0,0.0,0.0,0.2605210420841684,0,0,0,1
Cluster_749,1,0.2605210420841684,0.0,0.2605210420841684,0.0,0.0,0,1,0,0
Cluster_91,1,0.2585170340681363,0.0,0.0,0.0,0.2585170340681363,0,0,0,1
Cluster_3672,1,0.25654450261780104,0.25654450261780104,0.0,0.0,0.0,1,0,0,0
Cluster_1157,1,0.25651302605210424,0.0,0.0,0.0,0.25651302605210424,0,0,0,1
Cluster_309,1,0.2545090180360722,0.0,0.0,0.0,0.2545090180360722,0,0,0,1
Cluster_1669,1,0.2529182879377432,0.0,0.0,0.2529182879377432,0.0,0,0,1,0
Cluster_290,1,0.25130890052356025,0.25130890052356025,0.0,0.0,0.0,1,0,0,0
Cluster_3605,1,0.25050100200400804,0.0,0.25050100200400804,0.0,0.0,0,1,0,0
Cluster_1159,1,0.24849699398797598,0.0,0.0,0.0,0.24849699398797598,0,0,0,1
Cluster_2377,1,0.2464929859719439,0.0,0.0,0.0,0.2464929859719439,0,0,0,1
Cluster_537,1,0.2464929859719439,0.0,0.2464929859719439,0.0,0.0,0,1,0,0
Cluster_684,1,0.24513618677042803,0.0,0.0,0.24513618677042803,0.0,0,0,1,0
Cluster_3256,1,0.24448897795591185,0.0,0.24448897795591185,0.0,0.0,0,1,0,0
Cluster_3696,1,0.24248496993987978,0.0,0.0,0.0,0.24248496993987978,0,0,0,1
Cluster_3031,1,0.24083769633507857,0.24083769633507857,0.0,0.0,0.0,1,0,0,0
Cluster_1067,1,0.2404809619238477,0.0,0.0,0.0,0.2404809619238477,0,0,0,1
Cluster_124,1,0.23847695390781565,0.0,0.0,0.0,0.23847695390781565,0,0,0,1
Cluster_1262,1,0.23735408560311289,0.0,0.0,0.23735408560311289,0.0,0,0,1,0
Cluster_2571,1,0.23446893787575152,0.0,0.23446893787575152,0.0,0.0,0,1,0,0
Cluster_1691,1,0.23446893787575152,0.0,0.0,0.0,0.23446893787575152,0,0,0,1
Cluster_428,1,0.2334630350194552,0.0,0.0,0.2334630350194552,0.0,0,0,1,0
Cluster_3884,1,0.23246492985971945,0.0,0.23246492985971945,0.0,0.0,0,1,0,0
Cluster_1344,1,0.23046092184368738,0.0,0.23046092184368738,0.0,0.0,0,1,0,0
Cluster_2287,1,0.22845691382765532,0.0,0.22845691382765532,0.0,0.0,0,1,0,0
Cluster_4436,1,0.22645290581162325,0.0,0.22645290581162325,0.0,0.0,0,1,0,0
Cluster_3883,1,0.22568093385214005,0.0,0.0,0.22568093385214005,0.0,0,0,1,0
Cluster_730,1,0.22444889779559118,0.0,0.0,0.0,0.22444889779559118,0,0,0,1
Cluster_2917,1,0.22444889779559118,0.0,0.22444889779559118,0.0,0.0,0,1,0,0
Cluster_1308,1,0.22244488977955912,0.0,0.22244488977955912,0.0,0.0,0,1,0,0
Cluster_2518,1,0.22244488977955912,0.0,0.0,0.0,0.22244488977955912,0,0,0,1
Cluster_1470,1,0.22044088176352705,0.0,0.22044088176352705,0.0,0.0,0,1,0,0
Cluster_3604,1,0.2198952879581152,0.2198952879581152,0.0,0.0,0.0,1,0,0,0
Cluster_3175,1,0.218436873747495,0.0,0.218436873747495,0.0,0.0,0,1,0,0
Cluster_73,1,0.21643286573146292,0.0,0.21643286573146292,0.0,0.0,0,1,0,0
Cluster_3150,1,0.2146596858638743,0.2146596858638743,0.0,0.0,0.0,1,0,0,0
Cluster_4228,1,0.21442885771543085,0.0,0.0,0.0,0.21442885771543085,0,0,0,1
Cluster_4312,1,0.21442885771543085,0.0,0.21442885771543085,0.0,0.0,0,1,0,0
Cluster_1905,1,0.2124248496993988,0.0,0.0,0.0,0.2124248496993988,0,0,0,1
Cluster_4300,1,0.20841683366733466,0.0,0.20841683366733466,0.0,0.0,0,1,0,0
Cluster_526,1,0.20841683366733466,0.0,0.0,0.0,0.20841683366733466,0,0,0,1
Cluster_1755,1,0.2064128256513026,0.0,0.2064128256513026,0.0,0.0,0,1,0,0
Cluster_2849,1,0.2064128256513026,0.0,0.0,0.0,0.2064128256513026,0,0,0,1
Cluster_2250,1,0.20440881763527052,0.0,0.20440881763527052,0.0,0.0,0,1,0,0
Cluster_4407,1,0.20418848167539272,0.20418848167539272,0.0,0.0,0.0,1,0,0,0
Cluster_4342,1,0.20240480961923846,0.0,0.0,0.0,0.20240480961923846,0,0,0,1
Cluster_1180,1,0.2023346303501945,0.0,0.0,0.2023346303501945,0.0,0,0,1,0
Cluster_1736,1,0.19839679358717432,0.0,0.0,0.0,0.19839679358717432,0,0,0,1
Cluster_4373,1,0.19639278557114226,0.0,0.19639278557114226,0.0,0.0,0,1,0,0
Cluster_151,1,0.19639278557114226,0.0,0.0,0.0,0.19639278557114226,0,0,0,1
Cluster_4116,1,0.19455252918287935,0.0,0.0,0.19455252918287935,0.0,0,0,1,0
Cluster_3389,1,0.1943887775551102,0.0,0.0,0.0,0.1943887775551102,0,0,0,1
Cluster_2702,1,0.19371727748691103,0.19371727748691103,0.0,0.0,0.0,1,0,0,0
Cluster_4365,1,0.19238476953907813,0.0,0.19238476953907813,0.0,0.0,0,1,0,0
Cluster_4299,1,0.19238476953907813,0.0,0.0,0.0,0.19238476953907813,0,0,0,1
Cluster_2778,1,0.19038076152304606,0.0,0.19038076152304606,0.0,0.0,0,1,0,0
Cluster_1307,1,0.19038076152304606,0.0,0.0,0.0,0.19038076152304606,0,0,0,1
Cluster_3392,1,0.188376753507014,0.0,0.0,0.0,0.188376753507014,0,0,0,1
Cluster_3061,1,0.18637274549098193,0.0,0.0,0.0,0.18637274549098193,0,0,0,1
Cluster_2533,1,0.18637274549098193,0.0,0.18637274549098193,0.0,0.0,0,1,0,0
Cluster_1090,1,0.18436873747494986,0.0,0.18436873747494986,0.0,0.0,0,1,0,0
Cluster_4260,1,0.18436873747494986,0.0,0.0,0.0,0.18436873747494986,0,0,0,1
Cluster_3085,1,0.1823647294589178,0.0,0.0,0.0,0.1823647294589178,0,0,0,1
Cluster_134,1,0.17835671342685366,0.0,0.17835671342685366,0.0,0.0,0,1,0,0
Cluster_4174,1,0.1763527054108216,0.0,0.1763527054108216,0.0,0.0,0,1,0,0
Cluster_249,1,0.1763527054108216,0.0,0.0,0.0,0.1763527054108216,0,0,0,1
Cluster_3710,1,0.17277486910994766,0.17277486910994766,0.0,0.0,0.0,1,0,0,0
Cluster_888,1,0.1712062256809338,0.0,0.0,0.1712062256809338,0.0,0,0,1,0
Cluster_3155,1,0.1703406813627254,0.0,0.1703406813627254,0.0,0.0,0,1,0,0
Cluster_4128,1,0.1703406813627254,0.0,0.0,0.0,0.1703406813627254,0,0,0,1
Cluster_3340,1,0.16633266533066138,0.0,0.0,0.0,0.16633266533066138,0,0,0,1
Cluster_3171,1,0.1643286573146293,0.0,0.0,0.0,0.1643286573146293,0,0,0,1
Cluster_2387,1,0.1643286573146293,0.0,0.1643286573146293,0.0,0.0,0,1,0,0
Cluster_63,1,0.16342412451361865,0.0,0.0,0.16342412451361865,0.0,0,0,1,0
Cluster_1209,1,0.16232464929859725,0.0,0.16232464929859725,0.0,0.0,0,1,0,0
Cluster_2632,1,0.16232464929859725,0.0,0.0,0.0,0.16232464929859725,0,0,0,1
Cluster_2934,1,0.16032064128256518,0.0,0.0,0.0,0.16032064128256518,0,0,0,1
Cluster_2349,1,0.16032064128256518,0.0,0.16032064128256518,0.0,0.0,0,1,0,0
Cluster_1263,1,0.15953307392996108,0.0,0.0,0.15953307392996108,0.0,0,0,1,0
Cluster_3407,1,0.1583166332665331,0.0,0.1583166332665331,0.0,0.0,0,1,0,0
Cluster_1065,1,0.1583166332665331,0.0,0.0,0.0,0.1583166332665331,0,0,0,1
Cluster_2408,1,0.15631262525050105,0.0,0.15631262525050105,0.0,0.0,0,1,0,0
Cluster_3107,1,0.1556420233463035,0.0,0.0,0.1556420233463035,0.0,0,0,1,0
Cluster_892,1,0.15430861723446898,0.0,0.0,0.0,0.15430861723446898,0,0,0,1
Cluster_2026,1,0.15430861723446898,0.0,0.15430861723446898,0.0,0.0,0,1,0,0
Cluster_3078,1,0.15230460921843691,0.0,0.15230460921843691,0.0,0.0,0,1,0,0
Cluster_1108,1,0.15230460921843691,0.0,0.0,0.0,0.15230460921843691,0,0,0,1
Cluster_751,1,0.15175097276264593,0.0,0.0,0.15175097276264593,0.0,0,0,1,0
Cluster_2970,1,0.15030060120240485,0.0,0.15030060120240485,0.0,0.0,0,1,0,0
Cluster_3746,1,0.15030060120240485,0.0,0.0,0.0,0.15030060120240485,0,0,0,1
Cluster_3206,1,0.14785992217898836,0.0,0.0,0.14785992217898836,0.0,0,0,1,0
Cluster_3506,1,0.14629258517034072,0.0,0.14629258517034072,0.0,0.0,0,1,0,0
Cluster_2709,1,0.14428857715430865,0.0,0.0,0.0,0.14428857715430865,0,0,0,1
Cluster_2854,1,0.14428857715430865,0.0,0.14428857715430865,0.0,0.0,0,1,0,0
Cluster_1233,1,0.14396887159533078,0.0,0.0,0.14396887159533078,0.0,0,0,1,0
Cluster_3091,1,0.14228456913827658,0.0,0.14228456913827658,0.0,0.0,0,1,0,0
Cluster_2230,1,0.14228456913827658,0.0,0.0,0.0,0.14228456913827658,0,0,0,1
Cluster_682,1,0.1413612565445026,0.1413612565445026,0.0,0.0,0.0,1,0,0,0
Cluster_3693,1,0.14028056112224452,0.0,0.0,0.0,0.14028056112224452,0,0,0,1
Cluster_3827,1,0.14028056112224452,0.0,0.14028056112224452,0.0,0.0,0,1,0,0
Cluster_2000,1,0.1400778210116731,0.0,0.0,0.1400778210116731,0.0,0,0,1,0
Cluster_7,1,0.13827655310621245,0.0,0.0,0.0,0.13827655310621245,0,0,0,1
Cluster_2728,1,0.13627254509018039,0.0,0.13627254509018039,0.0,0.0,0,1,0,0
Cluster_385,1,0.13627254509018039,0.0,0.0,0.0,0.13627254509018039,0,0,0,1
Cluster_3962,1,0.13618677042801552,0.0,0.0,0.13618677042801552,0.0,0,0,1,0
Cluster_156,1,0.1361256544502618,0.1361256544502618,0.0,0.0,0.0,1,0,0,0
Cluster_3957,1,0.13426853707414832,0.0,0.0,0.0,0.13426853707414832,0,0,0,1
Cluster_392,1,0.13226452905811625,0.0,0.0,0.0,0.13226452905811625,0,0,0,1
Cluster_2949,1,0.1302605210420842,0.0,0.1302605210420842,0.0,0.0,0,1,0,0
Cluster_3039,1,0.1302605210420842,0.0,0.0,0.0,0.1302605210420842,0,0,0,1
Cluster_399,1,0.12840466926070038,0.0,0.0,0.12840466926070038,0.0,0,0,1,0
Cluster_310,1,0.12825651302605212,0.0,0.0,0.0,0.12825651302605212,0,0,0,1
Cluster_3053,1,0.12825651302605212,0.0,0.12825651302605212,0.0,0.0,0,1,0,0
Cluster_515,1,0.12625250501002006,0.0,0.0,0.0,0.12625250501002006,0,0,0,1
Cluster_2933,1,0.12625250501002006,0.0,0.12625250501002006,0.0,0.0,0,1,0,0
Cluster_475,1,0.1245136186770428,0.0,0.0,0.1245136186770428,0.0,0,0,1,0
Cluster_3319,1,0.12424849699398799,0.0,0.12424849699398799,0.0,0.0,0,1,0,0
Cluster_657,1,0.12424849699398799,0.0,0.0,0.0,0.12424849699398799,0,0,0,1
Cluster_2747,1,0.12224448897795592,0.0,0.12224448897795592,0.0,0.0,0,1,0,0
Cluster_3242,1,0.12024048096192386,0.0,0.0,0.0,0.12024048096192386,0,0,0,1
Cluster_3170,1,0.12024048096192386,0.0,0.12024048096192386,0.0,0.0,0,1,0,0
Cluster_1467,1,0.11673151750972766,0.0,0.0,0.11673151750972766,0.0,0,0,1,0
Cluster_1384,1,0.11623246492985972,0.0,0.11623246492985972,0.0,0.0,0,1,0,0
Cluster_3479,1,0.11623246492985972,0.0,0.0,0.0,0.11623246492985972,0,0,0,1
Cluster_2416,1,0.11422845691382766,0.0,0.0,0.0,0.11422845691382766,0,0,0,1
Cluster_2492,1,0.11422845691382766,0.0,0.11422845691382766,0.0,0.0,0,1,0,0
Cluster_4250,1,0.11284046692607008,0.0,0.0,0.11284046692607008,0.0,0,0,1,0
Cluster_1350,1,0.11222444889779559,0.0,0.11222444889779559,0.0,0.0,0,1,0,0
Cluster_3243,1,0.11022044088176353,0.0,0.0,0.0,0.11022044088176353,0,0,0,1
Cluster_2063,1,0.10994764397905754,0.10994764397905754,0.0,0.0,0.0,1,0,0,0
Cluster_2466,1,0.10821643286573146,0.0,0.0,0.0,0.10821643286573146,0,0,0,1
Cluster_2406,1,0.10821643286573146,0.0,0.10821643286573146,0.0,0.0,0,1,0,0
Cluster_402,1,0.1062124248496994,0.0,0.1062124248496994,0.0,0.0,0,1,0,0
Cluster_618,1,0.10471204188481675,0.10471204188481675,0.0,0.0,0.0,1,0,0,0
Cluster_3873,1,0.10420841683366733,0.0,0.10420841683366733,0.0,0.0,0,1,0,0
Cluster_3502,1,0.10420841683366733,0.0,0.0,0.0,0.10420841683366733,0,0,0,1
Cluster_514,1,0.10220440881763526,0.0,0.0,0.0,0.10220440881763526,0,0,0,1
Cluster_3083,1,0.10220440881763526,0.0,0.10220440881763526,0.0,0.0,0,1,0,0
Cluster_307,1,0.10116731517509725,0.0,0.0,0.10116731517509725,0.0,0,0,1,0
Cluster_697,1,0.1002004008016032,0.0,0.0,0.0,0.1002004008016032,0,0,0,1
Cluster_4067,1,0.09819639278557113,0.0,0.0,0.0,0.09819639278557113,0,0,0,1
Cluster_834,1,0.09619238476953906,0.0,0.0,0.0,0.09619238476953906,0,0,0,1
Cluster_3352,1,0.094188376753507,0.0,0.0,0.0,0.094188376753507,0,0,0,1
Cluster_3754,1,0.094188376753507,0.0,0.094188376753507,0.0,0.0,0,1,0,0
Cluster_1707,1,0.0933852140077821,0.0,0.0,0.0933852140077821,0.0,0,0,1,0
Cluster_3057,1,0.09218436873747493,0.0,0.0,0.0,0.09218436873747493,0,0,0,1
Cluster_56,1,0.09218436873747493,0.0,0.09218436873747493,0.0,0.0,0,1,0,0
Cluster_1147,1,0.09018036072144286,0.0,0.0,0.0,0.09018036072144286,0,0,0,1
Cluster_3783,1,0.09018036072144286,0.0,0.09018036072144286,0.0,0.0,0,1,0,0
Cluster_539,1,0.0881763527054108,0.0,0.0,0.0,0.0881763527054108,0,0,0,1
Cluster_3595,1,0.0881763527054108,0.0,0.0881763527054108,0.0,0.0,0,1,0,0
Cluster_2453,1,0.08617234468937873,0.0,0.08617234468937873,0.0,0.0,0,1,0,0
Cluster_2022,1,0.08416833667334667,0.0,0.0,0.0,0.08416833667334667,0,0,0,1
Cluster_3433,1,0.08416833667334667,0.0,0.08416833667334667,0.0,0.0,0,1,0,0
Cluster_1161,1,0.08376963350785338,0.08376963350785338,0.0,0.0,0.0,1,0,0,0
Cluster_2921,1,0.08016032064128253,0.0,0.0,0.0,0.08016032064128253,0,0,0,1
Cluster_4040,1,0.07815631262525047,0.0,0.0,0.0,0.07815631262525047,0,0,0,1
Cluster_1929,1,0.07815631262525047,0.0,0.07815631262525047,0.0,0.0,0,1,0,0
Cluster_4287,1,0.0778210116731517,0.0,0.0,0.0778210116731517,0.0,0,0,1,0
Cluster_1838,1,0.0761523046092184,0.0,0.0,0.0,0.0761523046092184,0,0,0,1
Cluster_3279,1,0.07414829659318634,0.0,0.0,0.0,0.07414829659318634,0,0,0,1
Cluster_3661,1,0.0732984293193717,0.0732984293193717,0.0,0.0,0.0,1,0,0,0
Cluster_1126,1,0.07214428857715427,0.0,0.07214428857715427,0.0,0.0,0,1,0,0
Cluster_4214,1,0.0680628272251309,0.0680628272251309,0.0,0.0,0.0,1,0,0,0
Cluster_2072,1,0.06614785992217898,0.0,0.0,0.06614785992217898,0.0,0,0,1,0
Cluster_2277,1,0.06613226452905807,0.0,0.06613226452905807,0.0,0.0,0,1,0,0
Cluster_4314,1,0.064128256513026,0.0,0.0,0.0,0.064128256513026,0,0,0,1
Cluster_4394,1,0.064128256513026,0.0,0.064128256513026,0.0,0.0,0,1,0,0
Cluster_233,1,0.06012024048096187,0.0,0.0,0.0,0.06012024048096187,0,0,0,1
Cluster_342,1,0.06012024048096187,0.0,0.06012024048096187,0.0,0.0,0,1,0,0
Cluster_1464,1,0.05811623246492981,0.0,0.0,0.0,0.05811623246492981,0,0,0,1
Cluster_770,1,0.05811623246492981,0.0,0.05811623246492981,0.0,0.0,0,1,0,0
Cluster_62,1,0.05759162303664922,0.05759162303664922,0.0,0.0,0.0,1,0,0,0
Cluster_3572,1,0.05611222444889774,0.0,0.05611222444889774,0.0,0.0,0,1,0,0
Cluster_1827,1,0.054108216432865786,0.0,0.0,0.0,0.054108216432865786,0,0,0,1
Cluster_2357,1,0.05210420841683372,0.0,0.0,0.0,0.05210420841683372,0,0,0,1
Cluster_1867,1,0.05210420841683372,0.0,0.05210420841683372,0.0,0.0,0,1,0,0
Cluster_3997,1,0.05058365758754868,0.0,0.0,0.05058365758754868,0.0,0,0,1,0
Cluster_349,1,0.05010020040080165,0.0,0.0,0.0,0.05010020040080165,0,0,0,1
Cluster_416,1,0.05010020040080165,0.0,0.05010020040080165,0.0,0.0,0,1,0,0
Cluster_4268,1,0.04809619238476959,0.0,0.0,0.0,0.04809619238476959,0,0,0,1
Cluster_693,1,0.04609218436873752,0.0,0.0,0.0,0.04609218436873752,0,0,0,1
Cluster_223,1,0.04609218436873752,0.0,0.04609218436873752,0.0,0.0,0,1,0,0
Cluster_4333,1,0.04280155642023342,0.0,0.0,0.04280155642023342,0.0,0,0,1,0
Cluster_553,1,0.04208416833667339,0.0,0.0,0.0,0.04208416833667339,0,0,0,1
Cluster_2925,1,0.04208416833667339,0.0,0.04208416833667339,0.0,0.0,0,1,0,0
Cluster_3649,1,0.04008016032064132,0.0,0.0,0.0,0.04008016032064132,0,0,0,1
Cluster_3233,1,0.04008016032064132,0.0,0.04008016032064132,0.0,0.0,0,1,0,0
Cluster_789,1,0.038076152304609256,0.0,0.038076152304609256,0.0,0.0,0,1,0,0
Cluster_216,1,0.038076152304609256,0.0,0.0,0.0,0.038076152304609256,0,0,0,1
Cluster_2887,1,0.035019455252918275,0.0,0.0,0.035019455252918275,0.0,0,0,1,0
Cluster_1910,1,0.034068136272545124,0.0,0.0,0.0,0.034068136272545124,0,0,0,1
Cluster_3527,1,0.034068136272545124,0.0,0.034068136272545124,0.0,0.0,0,1,0,0
Cluster_122,1,0.03206412825651306,0.0,0.0,0.0,0.03206412825651306,0,0,0,1
Cluster_3666,1,0.030060120240480992,0.0,0.0,0.0,0.030060120240480992,0,0,0,1
Cluster_4099,1,0.028056112224448926,0.0,0.0,0.0,0.028056112224448926,0,0,0,1
Cluster_1395,1,0.028056112224448926,0.0,0.028056112224448926,0.0,0.0,0,1,0,0
Cluster_1449,1,0.02617801047120416,0.02617801047120416,0.0,0.0,0.0,1,0,0,0
Cluster_1666,1,0.024048096192384794,0.0,0.0,0.0,0.024048096192384794,0,0,0,1
Cluster_2635,1,0.024048096192384794,0.0,0.024048096192384794,0.0,0.0,0,1,0,0
Cluster_1185,1,0.023346303501945553,0.0,0.0,0.023346303501945553,0.0,0,0,1,0
Cluster_3007,1,0.022044088176352727,0.0,0.022044088176352727,0.0,0.0,0,1,0,0
Cluster_3621,1,0.020942408376963373,0.020942408376963373,0.0,0.0,0.0,1,0,0,0
Cluster_2628,1,0.01603206412825653,0.0,0.01603206412825653,0.0,0.0,0,1,0,0
Cluster_2519,1,0.01603206412825653,0.0,0.0,0.0,0.01603206412825653,0,0,0,1
Cluster_4309,1,0.014028056112224463,0.0,0.014028056112224463,0.0,0.0,0,1,0,0
Cluster_2878,1,0.014028056112224463,0.0,0.0,0.0,0.014028056112224463,0,0,0,1
Cluster_4419,1,0.012024048096192397,0.0,0.0,0.0,0.012024048096192397,0,0,0,1
Cluster_3259,1,0.010471204188481686,0.010471204188481686,0.0,0.0,0.0,1,0,0,0
Cluster_3077,1,0.01002004008016033,0.0,0.01002004008016033,0.0,0.0,0,1,0,0
Cluster_3592,1,0.01002004008016033,0.0,0.0,0.0,0.01002004008016033,0,0,0,1
Cluster_1571,1,0.008016032064128265,0.0,0.0,0.0,0.008016032064128265,0,0,0,1
Cluster_2229,1,0.004008016032064132,0.0,0.004008016032064132,0.0,0.0,0,1,0,0
Cluster_1712,1,0.004008016032064132,0.0,0.0,0.0,0.004008016032064132,0,0,0,1
Cluster_628,1,0.0038910505836575737,0.0,0.0,0.0038910505836575737,0.0,0,0,1,0
Cluster_4204,1,0.002004008016032066,0.0,0.0,0.0,0.002004008016032066,0,0,0,1
Cluster_4324,1,0.002004008016032066,0.0,0.002004008016032066,0.0,0.0,0,1,0,0
Cluster_1874,1,0.0,0.0,0.0,0.0,0.0,0,0,0,1
