feature,correlation,correlation_raw,p_value,direction,p_adj
o__OFGB9583,0.23657764041648993,-0.23657764041648993,0.0011863430992961079,negative,0.25699491150278064
o__OFGB58251,0.22690640724073322,-0.22690640724073322,0.001896641413304654,negative,0.25699491150278064
o__Candidatus_Saccharibacteria_unclassified,0.21546121961456577,-0.21546121961456577,0.003225365963994898,negative,0.2913580587475391
o__Selenomonadales,0.19650668427465307,0.19650668427465307,0.007343456628281363,positive,0.45798764002823233
o__OFGB2837,0.19198535787823653,-0.19198535787823653,0.008845105796279817,negative,0.45798764002823233
o__OFGB1226,0.1800437027902509,0.1800437027902509,0.014193245925387154,positive,0.45798764002823233
o__OFGB38642,0.1731583866061875,0.1731583866061875,0.018419321988805772,positive,0.45798764002823233
o__OFGB7869,0.17109100072924074,-0.17109100072924074,0.01988491917600503,negative,0.45798764002823233
o__Pasteurellales,0.16695785318088308,-0.16695785318088308,0.023119891744021293,negative,0.45798764002823233
o__OFGB1217,0.16516284936297865,0.16516284936297865,0.02466023791349199,positive,0.45798764002823233
o__OFGB3071,0.164647308104254,-0.164647308104254,0.025118619135006577,negative,0.45798764002823233
o__OFGB1473,0.16169737431064957,-0.16169737431064957,0.027884586438365343,negative,0.45798764002823233
o__OFGB72899,0.16052593433339563,-0.16052593433339563,0.029053094961946045,negative,0.45798764002823233
o__OFGB2801,0.15930156048128458,-0.15930156048128458,0.03031882591303294,negative,0.45798764002823233
o__Caulobacterales,0.15904248553224504,-0.15904248553224504,0.030592592265959843,negative,0.45798764002823233
o__OFGB82363,0.1565741015022112,0.1565741015022112,0.03330820240445588,positive,0.45798764002823233
o__OFGB75721,0.1507646895057667,0.1507646895057667,0.0405162806329892,positive,0.45798764002823233
o__OFGB2942,0.1474368264495281,-0.1474368264495281,0.04520692013847487,negative,0.45798764002823233
o__OFGB1425,0.14568159925353616,-0.14568159925353616,0.04785853386127645,negative,0.45798764002823233
o__OFGB1872,0.14208984633499996,-0.14208984633499996,0.05368962979992598,negative,0.45798764002823233
o__OFGB618,0.14122014698173652,0.14122014698173652,0.055186745754471384,positive,0.45798764002823233
o__OFGB77202,0.1386347209631047,-0.1386347209631047,0.0598423401462155,negative,0.45798764002823233
o__Verrucomicrobiales,0.1382988058917275,0.1382988058917275,0.06047027456382383,positive,0.45798764002823233
o__OFGB3038,0.1381182566340966,0.1381182566340966,0.060810011471108115,positive,0.45798764002823233
o__OFGB2937,0.13764062180524103,-0.13764062180524103,0.06171633876195672,negative,0.45798764002823233
o__OFGB3054,0.13730546294707505,0.13730546294707505,0.06235891100051701,positive,0.45798764002823233
o__OFGB1362,0.13649869860621278,-0.13649869860621278,0.06392818077581643,negative,0.45798764002823233
o__OFGB10312,0.13414336636538945,0.13414336636538945,0.06869552659902321,positive,0.45798764002823233
o__OFGB11739,0.13244201913367631,-0.13244201913367631,0.07231631663661368,negative,0.45798764002823233
o__OFGB79015,0.13026883270118794,-0.13026883270118794,0.07716506204154443,negative,0.45798764002823233
o__OFGB8294,0.13026883247959326,-0.13026883247959326,0.07716506254903209,negative,0.45798764002823233
o__Marinilabiliales,0.13026883153076882,-0.13026883153076882,0.0771650647219953,negative,0.45798764002823233
o__OFGB2941,0.12936775063553613,-0.12936775063553613,0.07925109503055534,negative,0.45798764002823233
o__OFGB2889,0.12936775061543032,-0.12936775061543032,0.07925109507760388,negative,0.45798764002823233
o__OFGB2950,0.12936775042751927,-0.12936775042751927,0.07925109551731864,negative,0.45798764002823233
o__OFGB2921,0.129367742945924,-0.129367742945924,0.07925111302439107,negative,0.45798764002823233
o__OFGB1258,0.1289322447442257,-0.1289322447442257,0.08027548355951902,negative,0.45798764002823233
o__OFGB544,0.1284439897723267,-0.1284439897723267,0.0814366044928869,negative,0.45798764002823233
o__OFGB28369,0.12844398976978583,-0.12844398976978583,0.08143660449896409,negative,0.45798764002823233
o__OFGB2846,0.12839854655335803,-0.12839854655335803,0.08154535722993347,negative,0.45798764002823233
o__Bacteroidales,0.12827558228646374,0.12827558228646374,0.08184021603795125,positive,0.45798764002823233
o__OFGB1402,0.12788151574833984,-0.12788151574833984,0.08279094022285238,negative,0.45798764002823233
o__OFGB2165,0.12782594241322365,-0.12782594241322365,0.08292572770691663,negative,0.45798764002823233
o__Actinomycetales,0.12735337230208366,-0.12735337230208366,0.08407903756408522,negative,0.45798764002823233
o__OFGB1207,0.12659976364955045,-0.12659976364955045,0.08594482874816516,negative,0.45798764002823233
o__OFGB67123,0.12647069353667134,-0.12647069353667134,0.08626768454504778,negative,0.45798764002823233
o__OFGB9714,0.12602001688463213,-0.12602001688463213,0.08740263221741325,negative,0.45798764002823233
o__Candidatus_Nanogingivales,0.12582471876870863,-0.12582471876870863,0.08789815161919934,negative,0.45798764002823233
o__Methanomicrobiales,0.12535271196352377,-0.12535271196352377,0.08910502934140578,negative,0.45798764002823233
o__OFGB1249,0.12373845052826028,-0.12373845052826028,0.09333289803232543,negative,0.45798764002823233
o__OFGB3040,0.12300998034503556,-0.12300998034503556,0.09529236900238484,negative,0.45798764002823233
o__Firmicutes_unclassified,0.12186098073922146,-0.12186098073922146,0.09844926160141891,negative,0.45798764002823233
o__OFGB2947,0.12079056543124236,-0.12079056543124236,0.10146423266191185,negative,0.45798764002823233
o__OFGB77241,0.11709547044578217,-0.11709547044578217,0.1124353827220564,negative,0.45798764002823233
o__OFGB3047,0.11541912927175263,0.11541912927175263,0.11770898027083604,positive,0.45798764002823233
o__OFGB1705,0.1129591862251718,-0.1129591862251718,0.12579374716359687,negative,0.45798764002823233
o__OFGB78857,0.11283990449355395,-0.11283990449355395,0.1261964175624425,negative,0.45798764002823233
o__OFGB73223,0.11216487815301496,0.11216487815301496,0.1284939522873301,positive,0.45798764002823233
o__OFGB2959,0.10987701811304883,0.10987701811304883,0.13652125797334302,positive,0.45798764002823233
o__OFGB3072,0.10943354644798295,0.10943354644798295,0.13812072948305296,positive,0.45798764002823233
o__OFGB1359,0.10623335527190873,0.10623335527190873,0.15009041908602774,positive,0.45798764002823233
o__OFGB51922,0.10430946894349553,-0.10430946894349553,0.1576546846688193,negative,0.45798764002823233
o__OFGB1337,0.10430946881724237,-0.10430946881724237,0.15765468517444514,negative,0.45798764002823233
o__OFGB536,0.1043094687999915,-0.1043094687999915,0.15765468524353146,negative,0.45798764002823233
o__Methanomassiliicoccales,0.10417398267709725,-0.10417398267709725,0.15819798945866478,negative,0.45798764002823233
o__OFGB78183,0.10417398214126783,-0.10417398214126783,0.15819799161013726,negative,0.45798764002823233
o__OFGB79244,0.10417398213550277,-0.10417398213550277,0.1581979916332851,negative,0.45798764002823233
o__OFGB4623,0.1039377765506362,-0.1039377765506362,0.15914854547658003,negative,0.45798764002823233
o__OFGB2905,0.1039377733359718,-0.1039377733359718,0.1591485584423425,negative,0.45798764002823233
o__OFGB2117,0.10393777309079494,-0.10393777309079494,0.1591485594312196,negative,0.45798764002823233
o__OFGB2164,0.10393777304911161,-0.10393777304911161,0.1591485595993414,negative,0.45798764002823233
o__OFGB2874,0.10393777296604674,-0.10393777296604674,0.15914855993436844,negative,0.45798764002823233
o__OFGB78461,0.10349315294891606,-0.10349315294891606,0.1609494460138816,negative,0.45798764002823233
o__OFGB10290,0.10349315283515215,-0.10349315283515215,0.16094944647661596,negative,0.45798764002823233
o__OFGB1789,0.103493152828677,-0.103493152828677,0.16094944650295256,negative,0.45798764002823233
o__OFGB8140,0.10343282149073263,-0.10343282149073263,0.16119498396147638,negative,0.45798764002823233
o__OFGB9512,0.10343282143199532,-0.10343282143199532,0.16119498420066292,negative,0.45798764002823233
o__OFGB79211,0.10343282134724306,-0.10343282134724306,0.1611949845457843,negative,0.45798764002823233
o__OFGB1777,0.10343282130292399,-0.10343282130292399,0.16119498472625823,negative,0.45798764002823233
o__OFGB540,0.10343282128140265,-0.10343282128140265,0.16119498481389638,negative,0.45798764002823233
o__OFGB74971,0.1030627189148785,-0.1030627189148785,0.1627073771919664,negative,0.45798764002823233
o__OFGB4616,0.10266241455657037,-0.10266241455657037,0.1643551107487565,negative,0.45798764002823233
o__OFGB2954,0.10262523162042383,-0.10262523162042383,0.1645087936487431,negative,0.45798764002823233
o__OFGB9828,0.102625230730912,-0.102625230730912,0.16450879732652024,negative,0.45798764002823233
o__OFGB9977,0.10262523010015963,-0.10262523010015963,0.16450879993442774,negative,0.45798764002823233
o__OFGB2873,0.10262523008941575,-0.10262523008941575,0.1645087999788497,negative,0.45798764002823233
o__OFGB1778,0.10262523004661285,-0.10262523004661285,0.1645088001558225,negative,0.45798764002823233
o__Fusobacteriales,0.10183602776032248,-0.10183602776032248,0.16779606341313744,negative,0.45798764002823233
o__OFGB1262,0.10154740169450867,0.10154740169450867,0.16901041604980765,positive,0.45798764002823233
o__Elusimicrobiales,0.10148595207319171,-0.10148595207319171,0.16926979864586778,negative,0.45798764002823233
o__OFGB72924,0.10127575607309706,0.10127575607309706,0.17015928764599733,positive,0.45798764002823233
o__Tissierellales,0.10105782835382668,-0.10105782835382668,0.17108515845622996,negative,0.45798764002823233
o__OFGB77153,0.10056159157035979,-0.10056159157035979,0.17320738281507472,negative,0.45798764002823233
o__OFGB1814,0.10030936787711911,-0.10030936787711911,0.17429350335804997,negative,0.45798764002823233
o__OFGB2403,0.10030936741788686,-0.10030936741788686,0.1742935053401686,negative,0.45798764002823233
o__OFGB2880,0.09970085016721064,-0.09970085016721064,0.17693464119464175,negative,0.45798764002823233
o__Planctomycetales,0.09969717530343752,-0.09969717530343752,0.17695068047489396,negative,0.45798764002823233
o__Sphingobacteriales,0.09969717106822872,-0.09969717106822872,0.17695069896047105,negative,0.45798764002823233
o__Deinococcales,0.09969717021608258,-0.09969717021608258,0.17695070267986612,negative,0.45798764002823233
o__Nakamurellales,0.0996971700488494,-0.0996971700488494,0.17695070340979452,negative,0.45798764002823233
o__Rhodospirillales,0.09969716973824877,-0.09969716973824877,0.1769507047654854,negative,0.45798764002823233
o__Xanthomonadales,0.09969716970302535,-0.09969716970302535,0.1769507049192267,negative,0.45798764002823233
o__OFGB77566,0.0996129284670802,-0.0996129284670802,0.17731867821876726,negative,0.45798764002823233
o__Methanotrichales,0.09958513892190425,-0.09958513892190425,0.17744018935354328,negative,0.45798764002823233
o__OFGB9718,0.09958310490186094,-0.09958310490186094,0.17744908561979483,negative,0.45798764002823233
o__OFGB1380,0.09875825539709022,0.09875825539709022,0.18108397289661987,positive,0.4614983187275412
o__OFGB79245,0.0984003847273203,-0.0984003847273203,0.18267795158037176,negative,0.4614983187275412
o__OFGB2949,0.09812352787217911,0.09812352787217911,0.18391814916079133,positive,0.4614983187275412
o__OFGB1474,0.09771509424592253,-0.09771509424592253,0.18575902706945502,negative,0.46184125078736066
o__Aeromonadales,0.09688410569557328,-0.09688410569557328,0.18954607169604962,negative,0.4669725948148131
o__OFGB72939,0.09596544297900504,-0.09596544297900504,0.19379799894019473,negative,0.47314646588101594
o__OFGB3023,0.09425591138785319,0.09425591138785319,0.20189446023278157,positive,0.4885124885989625
o__OFGB4605,0.09330585330978822,0.09330585330978822,0.206498354339902,positive,0.49523056660277376
o__OFGB11257,0.08972572426550356,-0.08972572426550356,0.22452574670904343,negative,0.5337410294574628
o__Bacillales,0.0880728989149667,-0.0880728989149667,0.23321433039654674,negative,0.5485279217048068
o__Moraxellales,0.08741421122309694,-0.08741421122309694,0.2367419801337084,negative,0.5485279217048068
o__Pseudomonadales,0.08740003186390424,-0.08740003186390424,0.23681832782089446,negative,0.5485279217048068
o__OFGB58291,0.08680759621812126,-0.08680759621812126,0.24002369075434885,negative,0.5496734491826102
o__OFGB2930,0.08656050011380623,0.08656050011380623,0.2413695219657956,positive,0.5496734491826102
o__Coriobacteriales,0.08604195608994458,0.08604195608994458,0.24421092577001066,positive,0.5515096740306075
o__OFGB78645,0.08553789431438556,-0.08553789431438556,0.24699522053685347,negative,0.5517711075739569
o__Bacteria_unclassified,0.08528528951419359,0.08528528951419359,0.24839880119565588,positive,0.5517711075739569
o__OFGB2982,0.08412136023024817,0.08412136023024817,0.2549375356137606,positive,0.5616916435067408
o__Erysipelotrichales,0.0827381423870369,-0.0827381423870369,0.26286134409640927,negative,0.5692816170400028
o__OFGB9115,0.08254599686173093,-0.08254599686173093,0.2639752516753341,negative,0.5692816170400028
o__OFGB4559,0.08219465925325804,-0.08219465925325804,0.26602036826121306,negative,0.5692816170400028
o__OFGB12107,0.08206375521775981,-0.08206375521775981,0.26678511204457694,negative,0.5692816170400028
o__OFGB1211,0.08116052415517531,0.08116052415517531,0.27210267234613794,positive,0.576092376607839
o__Clostridia_unclassified,0.07984799500985316,-0.07984799500985316,0.27995735732650584,negative,0.5838184132948879
o__OFGB2915,0.079561290242419,0.079561290242419,0.2816932439611237,positive,0.5838184132948879
o__Candidatus_Borkfalkiales,0.07947537992294154,-0.07947537992294154,0.28221480495066537,negative,0.5838184132948879
o__Candidatus_Saccharimonadales,0.07744936046121936,-0.07744936046121936,0.2947030880005344,negative,0.6050343700617032
o__OFGB1355,0.07667342957188238,-0.07667342957188238,0.2995817036462093,negative,0.6070557225084007
o__Micrococcales,0.07645544336360656,-0.07645544336360656,0.30096183659683584,negative,0.6070557225084007
o__Puniceicoccales,0.07612261447643512,-0.07612261447643512,0.30307716215232644,negative,0.6070557225084007
o__OFGB2952,0.0758764632660752,0.0758764632660752,0.30464789026251843,positive,0.6070557225084007
o__Bifidobacteriales,0.07549514432851054,-0.07549514432851054,0.3070917071685142,negative,0.6074587784136303
o__OFGB529,0.07405143494639228,0.07405143494639228,0.31646057364278424,positive,0.6214551844724241
o__OFGB79270,0.07320907458435971,-0.07320907458435971,0.3220120577549093,negative,0.6266154105799985
o__OFGB1670,0.07263265328293822,-0.07263265328293822,0.32584700465731814,negative,0.6266154105799985
o__OFGB45628,0.0726060070240973,-0.0726060070240973,0.32602499222058956,negative,0.6266154105799985
o__OFGB2898,0.07207147887673011,0.07207147887673011,0.329608686836675,positive,0.6290419305122459
o__OFGB2839,0.07012048728573089,-0.07012048728573089,0.3429027281688196,negative,0.6481243357876716
o__OFGB9119,0.06972721397447257,0.06972721397447257,0.34562308762591143,positive,0.6481243357876716
o__OFGB2957,0.06956021184138136,-0.06956021184138136,0.34678239368713054,negative,0.6481243357876716
o__Lactobacillales,0.06905657057743994,-0.06905657057743994,0.3502934474103074,negative,0.6502022208780363
o__Veillonellales,0.06758387037394259,-0.06758387037394259,0.36068786682556075,negative,0.6558754709947625
o__OFGB10309,0.06727506377151923,0.06727506377151923,0.36289154479928604,positive,0.6558754709947625
o__OFGB3062,0.06679864854593257,0.06679864854593257,0.3663076518962848,positive,0.6558754709947625
o__OFGB31455,0.06630705997892439,0.06630705997892439,0.36985333789191455,positive,0.6558754709947625
o__OFGB73062,0.06627697094538115,-0.06627697094538115,0.37007104612237707,negative,0.6558754709947625
o__OFGB1201,0.06594518391973088,0.06594518391973088,0.3724769133946292,positive,0.6558754709947625
o__OFGB32970,0.06594063693944412,0.06594063693944412,0.3725099512659191,positive,0.6558754709947625
o__Desulfovibrionales,0.06581706686789925,0.06581706686789925,0.373408487536956,positive,0.6558754709947625
o__OFGB1347,0.06558059019835741,0.06558059019835741,0.37513172695272395,positive,0.6558754709947625
o__Saccharomycetales,0.06308767870880491,-0.06308767870880491,0.39359306755318163,negative,0.6837418032494373
o__OFGB3012,0.06150635555263241,-0.06150635555263241,0.4055814182834988,negative,0.6865645590173548
o__OFGB2918,0.06126307302898757,0.06126307302898757,0.40744480934667787,positive,0.6865645590173548
o__OFGB5194,0.06119860447606925,-0.06119860447606925,0.407939445022919,negative,0.6865645590173548
o__OFGB3004,0.06106901577578148,-0.06106901577578148,0.4089347886412007,negative,0.6865645590173548
o__OFGB15212,0.06087135567240223,0.06087135567240223,0.41045573216829345,positive,0.6865645590173548
o__OFGB1011,0.060643446331985165,0.060643446331985165,0.41221356673171794,positive,0.6865645590173548
o__OFGB77988,0.06054786159681998,0.06054786159681998,0.4129521148333167,positive,0.6865645590173548
o__OFGB79237,0.05646207619232863,-0.05646207619232863,0.44524197736928656,negative,0.7293523619554847
o__OFGB1298,0.056344145690397314,-0.056344145690397314,0.44619469014997826,negative,0.7293523619554847
o__OFGB30328,0.05620762194282583,0.05620762194282583,0.44729904662812237,positive,0.7293523619554847
o__OFGB2945,0.05592986339266397,-0.05592986339266397,0.44955061931957957,negative,0.7293523619554847
o__OFGB16911,0.05547106929648935,0.05547106929648935,0.4532836283826773,positive,0.7293523619554847
o__Acidaminococcales,0.05509269348907706,-0.05509269348907706,0.45637532015708304,negative,0.7293523619554847
o__OFGB2875,0.05495207322333665,0.05495207322333665,0.4575273119277949,positive,0.7293523619554847
o__OFGB73902,0.05431162337755824,0.05431162337755824,0.46279444389126334,positive,0.7334344695586688
o__OFGB4405,0.05383920510261907,0.05383920510261907,0.4667010578819044,positive,0.7353255039883495
o__OFGB10055,0.052937541313274335,-0.052937541313274335,0.474207389650586,negative,0.7428335410133456
o__OFGB2984,0.05154146852416853,0.05154146852416853,0.4859583177039124,positive,0.7504617010160124
o__OFGB1374,0.05142795093195005,-0.05142795093195005,0.4869206297504457,negative,0.7504617010160124
o__OFGB2378,0.051373248133457984,-0.051373248133457984,0.4873847209550486,negative,0.7504617010160124
o__OFGB78291,0.04960544583253607,-0.04960544583253607,0.5025092084473549,negative,0.7673549370139113
o__OFGB3069,0.04886691033961394,0.04886691033961394,0.5088998879302792,positive,0.7673549370139113
o__OFGB629,0.04875420542384916,-0.04875420542384916,0.5098788449630566,negative,0.7673549370139113
o__OFGB79291,0.048676552311581175,-0.048676552311581175,0.5105539095929454,negative,0.7673549370139113
o__OFGB1012,0.04830872524582529,-0.04830872524582529,0.513757839061961,negative,0.7673549370139113
o__Corynebacteriales,0.04763106656277343,0.04763106656277343,0.5196875859418881,positive,0.7673549370139113
o__OFGB45555,0.04759151416209949,0.04759151416209949,0.5200347614918523,positive,0.7673549370139113
o__OFGB10314,0.04748064972048488,-0.04748064972048488,0.5210085181201465,negative,0.7673549370139113
o__Burkholderiales,0.046839101112274614,-0.046839101112274614,0.5266616651385789,negative,0.7714881689327292
o__OFGB9989,0.04459236117445142,0.04459236117445142,0.5467011706824418,positive,0.7965377271771061
o__OFGB10477,0.043985293601605406,0.043985293601605406,0.5521793813998342,positive,0.7978725752567758
o__OFGB2932,0.04383876041633774,-0.04383876041633774,0.5535056979641102,negative,0.7978725752567758
o__OFGB2345,0.043181666038016916,-0.043181666038016916,0.5594722213304035,negative,0.8022062009552346
o__OFGB1776,0.04266548432088056,0.04266548432088056,0.5641808364965144,positive,0.8047000352134495
o__OFGB3172,0.04196425715384191,0.04196425715384191,0.5706075920895082,positive,0.8080269913272913
o__OFGB9120,0.04113293665158138,-0.04113293665158138,0.5782711645369993,negative,0.8080269913272913
o__Candidatus_Nanosynbacterales,0.0410626845097615,-0.0410626845097615,0.5789209809794461,negative,0.8080269913272913
o__OFGB3043,0.04105683817626765,-0.04105683817626765,0.5789750735718336,negative,0.8080269913272913
o__OFGB2936,0.04028659871276345,0.04028659871276345,0.5861221301548979,positive,0.8080269913272913
o__OFGB79294,0.040265372448673405,0.040265372448673405,0.5863196621688211,positive,0.8080269913272913
o__OFGB2997,0.040150957722554094,0.040150957722554094,0.5873849346548944,positive,0.8080269913272913
o__Sphingomonadales,0.038654726684176854,-0.038654726684176854,0.6013968025012421,negative,0.8192147913841826
o__OFGB3625,0.03844832203027896,-0.03844832203027896,0.6033414208075981,negative,0.8192147913841826
o__Candidatus_Gastranaerophilales,0.038316316773379135,0.038316316773379135,0.6045865619071459,positive,0.8192147913841826
o__Methanobacteriales,0.0378029551666147,0.0378029551666147,0.60943968194646,positive,0.82119457379409
o__OFGB2906,0.03752145636055278,0.03752145636055278,0.6121081324959637,positive,0.82119457379409
o__OFGB28775,0.03590326091430679,-0.03590326091430679,0.6275460134667206,negative,0.8318713473925837
o__OFGB1779,0.03580452011723725,0.03580452011723725,0.6284933657619852,positive,0.8318713473925837
o__Candidatus_Brocadiales,0.03558308202547422,-0.03558308202547422,0.6306201227862339,negative,0.8318713473925837
o__OFGB3070,0.03540371873506787,-0.03540371873506787,0.6323450094570932,negative,0.8318713473925837
o__OFGB2992,0.03483198201959285,0.03483198201959285,0.6378564596875385,positive,0.8350681187213668
o__OFGB77220,0.033146366317191346,-0.033146366317191346,0.6542205230287816,negative,0.8504995188747743
o__Victivallales,0.032922834845040584,0.032922834845040584,0.656403232631102,positive,0.8504995188747743
o__Propionibacteriales,0.03265129260310618,0.03265129260310618,0.6590586677627402,positive,0.8504995188747743
o__Enterobacterales,0.03215978628700422,0.03215978628700422,0.6638759886365483,positive,0.8511554622368285
o__OFGB2983,0.031479267783235704,-0.031479267783235704,0.6705686152598525,negative,0.8511554622368285
o__OFGB24517,0.03137346810612262,0.03137346810612262,0.6716114620393299,positive,0.8511554622368285
o__OFGB2890,0.03123594492356473,0.03123594492356473,0.6729679386641829,positive,0.8511554622368285
o__OFGB1325,0.030644027172236257,0.030644027172236257,0.6788183984323064,positive,0.8511554622368285
o__OFGB1354,0.0305911422292431,0.0305911422292431,0.6793420499743604,positive,0.8511554622368285
o__Eggerthellales,0.029875603551880583,-0.029875603551880583,0.6864421067480299,negative,0.8511554622368285
o__OFGB9238,0.02981998673600027,0.02981998673600027,0.6869951352994846,positive,0.8511554622368285
o__OFGB10341,0.02836271974460219,-0.02836271974460219,0.7015439797739891,negative,0.8511554622368285
o__OFGB602,0.02806598555395705,-0.02806598555395705,0.7045200250521007,negative,0.8511554622368285
o__OFGB2840,0.02796273500723229,-0.02796273500723229,0.7055566146664509,negative,0.8511554622368285
o__OFGB3041,0.027786804714157277,-0.027786804714157277,0.7073241248826019,negative,0.8511554622368285
o__OFGB2881,0.02768671838840451,-0.02768671838840451,0.7083303565823131,negative,0.8511554622368285
o__OFGB83839,0.027451148128032715,-0.027451148128032715,0.7107006858118217,negative,0.8511554622368285
o__OFGB1260,0.02692749688461023,-0.02692749688461023,0.7159796332459679,negative,0.8511554622368285
o__Tissierellia_unclassified,0.026603349780353724,0.026603349780353724,0.7192541514361728,positive,0.8511554622368285
o__OFGB3039,0.026366733602423538,-0.026366733602423538,0.7216476715056014,negative,0.8511554622368285
o__OFGB10021,0.026358611335381716,-0.026358611335381716,0.7217298814613449,negative,0.8511554622368285
o__OFGB1227,0.026093337887507055,0.026093337887507055,0.7244166080318424,positive,0.8511554622368285
o__Campylobacterales,0.025749717453892557,-0.025749717453892557,0.7279018500928229,negative,0.8511554622368285
o__OFGB668,0.025143689415665187,0.025143689415665187,0.7340621980380989,positive,0.8511554622368285
o__OFGB2107,0.024967390992454916,-0.024967390992454916,0.7358575055612147,negative,0.8511554622368285
o__OFGB1765,0.02440352362260694,-0.02440352362260694,0.7416091298511286,negative,0.8511554622368285
o__OFGB1538,0.024384573874193873,0.024384573874193873,0.7418026741523566,positive,0.8511554622368285
o__OFGB3009,0.024184430315357615,0.024184430315357615,0.743847838226816,positive,0.8511554622368285
o__OFGB1292,0.024183529546184915,-0.024183529546184915,0.7438570467879467,negative,0.8511554622368285
o__OFGB2834,0.02408158343041272,0.02408158343041272,0.7448994761240133,positive,0.8511554622368285
o__Candidatus_Nanoperiomorbales,0.023826556859851945,0.023826556859851945,0.7475092251378789,positive,0.8511554622368285
o__OFGB9272,0.021151430578683655,0.021151430578683655,0.7750522879515013,positive,0.8788249792253424
o__OFGB667,0.020801326169744914,0.020801326169744914,0.7786786551401134,positive,0.8792579814290447
o__OFGB4648,0.019571324436008532,-0.019571324436008532,0.7914564061051659,negative,0.8899779504336098
o__OFGB45503,0.01904580642266874,0.01904580642266874,0.7969329065432372,positive,0.8913912210992784
o__OFGB3048,0.01855943812746217,-0.01855943812746217,0.8020102790508615,negative,0.8913912210992784
o__OFGB1303,0.018504815601975415,-0.018504815601975415,0.8025810256392026,negative,0.8913912210992784
o__OFGB9491,0.01745518206520307,-0.01745518206520307,0.8135685147073325,negative,0.8999063979007638
o__OFGB2960,0.01681572894778716,-0.01681572894778716,0.8202802924606903,negative,0.900769128565127
o__OFGB1780,0.016747594733148383,0.016747594733148383,0.8209962168102818,positive,0.900769128565127
o__OFGB3057,0.014735641505641156,-0.014735641505641156,0.8422011507544689,negative,0.9203085155421817
o__Synergistales,0.013298751907418388,-0.013298751907418388,0.8574159411970896,negative,0.9331715665237401
o__OFGB30287,0.012798004480211867,-0.012798004480211867,0.8627308745735907,negative,0.9342666520754607
o__OFGB4806,0.012554555675886944,0.012554555675886944,0.8653170836566075,positive,0.9342666520754607
o__Neisseriales,0.011541599276046425,0.011541599276046425,0.876092999923465,positive,0.9421476308700755
o__OFGB40183,0.01099664211844741,-0.01099664211844741,0.8818998700449926,negative,0.9446437343169684
o__OFGB10318,0.010259448745836276,0.010259448745836276,0.8897651136908948,positive,0.9470795107348573
o__Flavobacteriales,0.010128500006761946,0.010128500006761946,0.8911633772597366,positive,0.9470795107348573
o__OFGB2404,0.009392754855858911,-0.009392754855858911,0.8990257448609129,negative,0.9514132341797822
o__OFGB2917,0.008753130666173734,0.008753130666173734,0.905868962112706,positive,0.9514132341797822
o__OFGB1311,0.00871307615058861,-0.00871307615058861,0.9062977337996264,negative,0.9514132341797822
o__OFGB1787,0.008434156050544,0.008434156050544,0.9092842348803085,positive,0.9514132341797822
o__OFGB14936,0.00793383387289047,-0.00793383387289047,0.9146445299332241,negative,0.9533410292765528
o__OFGB52309,0.0073352586501505045,-0.0073352586501505045,0.9210625187246791,negative,0.9563522703999543
o__OFGB2985,0.006018044077286836,0.006018044077286836,0.935203224811871,positive,0.967328526427546
o__OFGB38791,0.005003227227867869,0.005003227227867869,0.9461116754099621,positive,0.9684016413428044
o__OFGB79152,0.0049499063339019655,-0.0049499063339019655,0.9466851264026225,negative,0.9684016413428044
o__OFGB1126,0.004649002350758151,0.004649002350758151,0.9499217678515623,positive,0.9684016413428044
o__Hyphomicrobiales,0.004592051038919477,0.004592051038919477,0.9505344523881402,positive,0.9684016413428044
o__OFGB79363,0.004207206218922864,-0.004207206218922864,0.9546753708136506,negative,0.9689776235599226
o__Eubacteriales,0.003005994429624957,0.003005994429624957,0.9676076756645672,positive,0.9784391048697675
o__OFGB658,0.0022510995077150314,-0.0022510995077150314,0.975739451357248,negative,0.982994019768826
o__OFGB4355,0.0018647886364317376,0.0018647886364317376,0.9799018368166355,positive,0.9835311028789192
o__OFGB10325,0.00033433291214457174,0.00033433291214457174,0.9963962888160355,positive,0.9963962888160355
