feature,importance
g__Odoribacter,0.013778237594846898
g__Lachnospira,0.012057964778236816
g__Granulicatella,0.009151112154544842
g__Agathobaculum,0.00828763593759017
g__Candidatus_Saccharibacteria_unclassified,0.00791766844049511
g__Negativibacillus,0.007905191814922817
g__Lactobacillus,0.007313320825875534
g__Enterocloster,0.007311996244892614
g__Gordonibacter,0.006668084758529064
g__Faecalicatena,0.006624484089807568
g__Erysipelatoclostridium,0.006448409933285548
g__Guopingia,0.005965504721471572
g__Adlercreutzia,0.005878666041784206
g__Desulfovibrio,0.005864099202772819
g__Barnesiella,0.005772309484973043
g__Haemophilus,0.0057432398438483296
g__Faecalibacterium,0.005602101826947862
g__Akkermansia,0.005498743716692101
g__GGB9760,0.005363564855116727
g__Ruminococcus,0.005281040711200869
g__Roseburia,0.005196088467281782
g__Clostridia_unclassified,0.005127599950658404
g__Megamonas,0.005007254606319162
g__GGB36331,0.0049811138321168265
g__Candidatus_Nanosynsacchari,0.0048899762333589536
g__Bacteria_unclassified,0.004842867153925076
g__Rothia,0.004833177134660907
g__GGB9423,0.004782548260759548
g__Clostridiaceae_unclassified,0.004687384069639477
g__Clostridium,0.004637128277839684
g__Intestinibacter,0.004574307057421707
g__Lachnospiraceae_unclassified,0.004537260001247649
g__Vescimonas,0.0045275254259523655
g__Romboutsia,0.004459371137890065
g__GGB2982,0.004372716131556953
g__Streptococcus,0.004344884957649763
g__Phocaeicola,0.004331682552689054
g__Massiliimalia,0.004288887158233804
g__Gemella,0.0042604892454521604
g__Holdemania,0.004229389058681719
g__Butyricimonas,0.004138771428857151
g__Phascolarctobacterium,0.0041201537909841554
g__Hungatella,0.004109490642267838
g__Anaerobutyricum,0.004099408781854828
g__Dorea,0.0040976257841387875
g__Paraprevotella,0.004091778575860578
g__Evtepia,0.004060647715440204
g__GGB3490,0.0040604088879391325
g__Veillonella,0.0040228780047980375
g__Limosilactobacillus,0.004013135981481079
g__Christensenella,0.004003132414477619
g__GGB51441,0.0039372794689852796
g__GGB9559,0.003888548789801991
g__Schaalia,0.0038745225593806174
g__Lawsonibacter,0.00384287831417993
g__Collinsella,0.003842516432753731
g__GGB12785,0.0038400330403119028
g__GGB9614,0.0038118802496245096
g__Allisonella,0.0037871543069066386
g__Klebsiella,0.003735983233577504
g__Actinomyces,0.003714522025899751
g__Alistipes,0.003677867074860753
g__Eubacteriales_unclassified,0.0036776916447768377
g__Anaerostipes,0.0036430272062860404
g__Oscillibacter,0.0035808995914264983
g__Enterococcus,0.0035657743593646234
g__Sutterella,0.003437070395353277
g__Turicibacter,0.003413529469069729
g__Dialister,0.0033924052750972005
g__Porphyromonas,0.0033712550153638826
g__Eubacterium,0.0033468717044149586
g__GGB3363,0.003341213414316892
g__Lentihominibacter,0.003331836349433189
g__Bifidobacterium,0.003308136186849954
g__Eggerthella,0.0032932200290095217
g__Dysosmobacter,0.003268903539551765
g__Mediterraneibacter,0.0032688758326379808
g__Anaerotruncus,0.003244196528215113
g__GGB3632,0.0032342476974762087
g__Lachnoclostridium,0.0032279740010453233
g__Cuneatibacter,0.003208517528548517
g__Bittarella,0.0031739437887499207
g__GGB4604,0.0031492180238334344
g__Dielma,0.003142550516954744
g__GGB9758,0.003090373862696023
g__Escherichia,0.003086541489995029
g__GGB9616,0.00305469404122947
g__GGB3653,0.0030357233449952617
g__Brotolimicola,0.002984921805660351
g__Prevotella,0.0029839800548358427
g__GGB9762,0.0029801586650895187
g__GGB9529,0.002976063888616954
g__GGB9365,0.00297598562993588
g__GGB51647,0.002958190596878421
g__Enterobacter,0.0029574412404772443
g__GGB9522,0.0029550962766472636
g__GGB9730,0.002950648478905829
g__Anaerotignum,0.0029483964038883176
g__Pseudoflavonifractor,0.002947078161937427
g__Lactonifactor,0.002936966710332713
g__Hydrogenoanaerobacterium,0.002921489516507102
g__Coprococcus,0.002909285562161912
g__Ligilactobacillus,0.0028984081020608627
g__Oscillospiraceae_unclassified,0.002885056633377795
g__GGB74505,0.002884222796680915
g__Gemmiger,0.0028748731571431236
g__GGB9619,0.002843847828570812
g__GGB9359,0.002822354837525961
g__Megasphaera,0.0028166300763338196
g__GGB9532,0.0028068659824435657
g__Eisenbergiella,0.0027885587743884032
g__GGB9501,0.002760971908823875
g__Scardovia,0.002758752349495286
g__Mogibacterium,0.002752247173244162
g__GGB9715,0.0027478932493221063
g__GGB3740,0.00273296083903077
g__Faecalibacillus,0.002728936143477839
g__Lacrimispora,0.002720145877400291
g__Candidatus_Cibionibacter,0.0026752521054017276
g__Ruthenibacterium,0.002672076164179913
g__Parasutterella,0.002669364460483725
g__GGB4596,0.0026445704172097105
g__Lancefieldella,0.002634914130922966
g__GGB3818,0.0026270401838023125
g__Solobacterium,0.0026237483191034376
g__Anaerofustis,0.0026223314586845594
g__GGB3345,0.0026034923544769263
g__Blautia,0.002593157335997779
g__Tyzzerella,0.002590978878241948
g__Zhenpiania,0.0025872161848937074
g__Anaerosacchariphilus,0.0025589346439066868
g__Pauljensenia,0.0025552257829278033
g__Bilophila,0.0025536234747851414
g__GGB4456,0.002532901325962945
g__Olsenella,0.0025259560917501385
g__GGB2998,0.0025091516588098437
g__Parascardovia,0.0025090720362456157
g__Fumia,0.0024805008828781
g__GGB45432,0.002456346359763846
g__Pyramidobacter,0.0024270786152910165
g__Oribacterium,0.0024237275513767794
g__GGB12798,0.0024035915150918854
g__Longicatena,0.0023979069643717643
g__GGB9502,0.002391915868543999
g__GGB9491,0.0023861014272112623
g__Eubacteriaceae_unclassified,0.0023537555299193726
g__Neobittarella,0.0023334485381572745
g__Phocea,0.002330479521459395
g__Raoultibacter,0.00230694283054276
g__Amedibacillus,0.0022901042555568503
g__Butyricicoccus,0.0022866101340137455
g__GGB1456,0.002285575046541883
g__GGB9813,0.0022515151670121653
g__GGB9770,0.0022486975032467737
g__Parabacteroides,0.002239419759489084
g__Oxalobacter,0.0022266789662632744
g__GGB9787,0.0022199171771173716
g__GGB3109,0.002209004784076058
g__Flavonifractor,0.002205752377363495
g__Leuconostoc,0.0022054989652927942
g__GGB9545,0.0021940391775554097
g__GGB2653,0.002181783969800836
g__Massilioclostridium,0.0021742651128674566
g__Diplocloster,0.0021573683299586036
g__Bacteroides,0.0021464750390908127
g__GGB58233,0.0021423669782237053
g__Abiotrophia,0.0021376511770030133
g__Corynebacterium,0.002132829340071396
g__Sellimonas,0.0021276776722616154
g__GGB51959,0.00212683204533192
g__Fusicatenibacter,0.002123239183393793
g__GGB4683,0.002117379187586767
g__GGB3277,0.002111085707721195
g__Frisingicoccus,0.0020949361333649974
g__Jingyaoa,0.0020788274406157575
g__Ligaoa,0.0020667955750039066
g__GGB3278,0.002063920287375752
g__GGB9719,0.0020623525081259783
g__GGB3537,0.0020445105331710484
g__Enorma,0.002043129705610803
g__Mesosutterella,0.0020347129259010756
g__Segatella,0.002031625020338884
g__GGB4605,0.002003495460086202
g__GGB52130,0.002000765345308997
g__Weissella,0.0019985181651185667
g__GGB9786,0.0019239733556885375
g__GGB1549,0.0018799134495502176
g__Slackia,0.0018536828081041209
g__GGB3612,0.0018519315199446668
g__GGB3256,0.0018174567827212978
g__GGB9790,0.0018063750164654497
g__GGB9635,0.0017926513338421843
g__GGB9708,0.001784859587480327
g__Wansuia,0.0017834090197828398
g__Faecalimonas,0.0017782760695173076
g__Jilunia,0.00177145221714305
g__GGB9602,0.0017519747126218837
g__GGB9597,0.0017495052129466138
g__Propionibacterium,0.0017211975836897736
g__GGB35068,0.0017163969646911382
g__Lachnotalea,0.0017123415405244833
g__GGB9699,0.001704777108030638
g__Simiaoa,0.001702667338917063
g__Saccharomyces,0.0016910431107371804
g__GGB9444,0.0016619753761010078
g__Eubacteriales_Family_XIII_Incertae_Sedis_unclassified,0.0016606961124511236
g__GGB9302,0.0016550873574461957
g__Intestinimonas,0.0016462932190607544
g__Wujia,0.0016362586233095405
g__Fusobacterium,0.001621313494527717
g__Coprobacter,0.001614661419714932
g__GGB9531,0.0015975203850777768
g__GGB2983,0.0015812778509082506
g__Bianquea,0.0015758696315983313
g__GGB3304,0.001556274004146796
g__GGB3005,0.0015555555308081055
g__Luoshenia,0.0015542207262513306
g__Anaeromassilibacillus,0.001548209908443306
g__Actinobaculum,0.0015379142688484145
g__GGB33586,0.0014738023080532354
g__Candidatus_Nanoperiomorbus,0.0014693982269216815
g__Atopobium,0.0014680661591038166
g__GGB9534,0.0014467100948601696
g__Jutongia,0.0014451939267133747
g__GGB3433,0.0014399422597428679
g__GGB55957,0.0014264657634689762
g__GGB3321,0.0014255020036128573
g__GGB42689,0.001420355571941402
g__GGB9561,0.0014195476744943098
g__GGB13404,0.001381956744594958
g__Peptostreptococcus,0.0013731572437753305
g__GGB1661,0.0013534212142217248
g__GGB6649,0.0013511954258515933
g__GGB13493,0.0013488930889521732
g__Anaerofilum,0.0013479425941650956
g__GGB9364,0.0013338583637963624
g__GGB3534,0.0013271354740080057
g__Lacticaseibacillus,0.0013227994343986704
g__GGB6613,0.0013175602063813607
g__Coprobacillus,0.0013092252963682414
g__GGB3491,0.0013049730594646572
g__GGB9590,0.0013011436189722073
g__GGB3444,0.0012985500482248348
g__Citrobacter,0.0012951631352730386
g__GGB4552,0.0012950878275437532
g__Colidextribacter,0.0012926301598815075
g__GGB3511,0.0012840527416586882
g__Massilistercora,0.0012817768664855295
g__Senegalimassilia,0.001269183796890014
g__GGB9627,0.0012595930595132212
g__GGB3288,0.0012581615981465402
g__GGB3828,0.001247555991220205
g__Oliverpabstia,0.0012387406893335348
g__Yeguia,0.0012261021761332746
g__Comamonas,0.0012250920608601105
g__Provencibacterium,0.0012242042154508223
g__Fenollaria,0.0012214799628538304
g__GGB3510,0.0012158843934409916
g__Candidatus_Nanosynbacter,0.001215321288048549
g__Acidaminococcus,0.001206022679958471
g__Kluyvera,0.0011829289641411766
g__GGB36267,0.0011813896711387333
g__GGB9480,0.0011681078780528308
g__GGB9595,0.0011681005666835747
g__Raoultella,0.001166488856124645
g__Cloacibacillus,0.0011638341510724608
g__GGB9667,0.001163126438311859
g__Pseudoruminococcus,0.0011554549304625265
g__Lactococcus,0.0011532813099260322
g__GGB3649,0.0011532574459832932
g__GGB9788,0.0011482502890648892
g__GGB4672,0.0011321895582777602
g__Tetragenococcus,0.0011307386581844467
g__Alloscardovia,0.001130049535755155
g__GGB3733,0.0011249616259000638
g__GGB74802,0.001123914655723096
g__GGB12788,0.0011204064077528714
g__GGB4578,0.0011108501489454521
g__Fournierella,0.0011088208510947144
g__Emergencia,0.001108816298419113
g__GGB4964,0.0011045250756428837
g__GGB9328,0.001098738129630628
g__GGB9237,0.0010884735941467118
g__GGB9707,0.0010865477731793677
g__Qingrenia,0.0010789406752091143
g__GGB3061,0.0010780779085447659
g__GGB9593,0.0010735877174306138
g__GGB9636,0.0010717172792184385
g__GGB9537,0.0010714926848886686
g__GGB4585,0.001070814188901768
g__GGB4603,0.0010686206365704619
g__GGB9301,0.0010645093073498315
g__GGB45495,0.001062501650651268
g__Catenibacillus,0.0010616711761890817
g__GGB51269,0.0010430029587642998
g__GGB9345,0.0010400535208636699
g__Pseudocitrobacter,0.0010323714644481473
g__Merdimonas,0.0010303832721108115
g__GGB9646,0.0010288303537707155
g__Intestinibacillus,0.0010285319237085114
g__Peptidiphaga,0.0010227132877970331
g__GGB9445,0.0010144023855217792
g__Alkaliflexus,0.0010130245703424384
g__Luxibacter,0.0010102437185339603
g__GGB3429,0.0010070323781051608
g__Gardnerella,0.0010068743706177562
g__GGB9061,0.0010027684421316271
g__GGB9258,0.0010007985977806442
g__GGB3730,0.0009954957061045616
g__GGB4255,0.0009943987926815715
g__GGB41458,0.0009889921939510685
g__GGB9342,0.0009863193713517213
g__GGB9296,0.0009816440426304552
g__GGB3588,0.0009542545958244494
g__GGB3619,0.0009533902853332279
g__GGB1331,0.0009434273399309527
g__GGB4750,0.0009427022793670513
g__GGB9759,0.0009377592506186349
g__Massilimicrobiota,0.000926427782119139
g__GGB9637,0.0009207726676271602
g__Arachnia,0.0009155935574297372
g__Youxingia,0.0009130444123326875
g__GGB2987,0.0009106123735795687
g__Amedibacterium,0.0009104204308790109
g__Levilactobacillus,0.0009090626210851116
g__Holdemanella,0.00089902298868747
g__GGB4567,0.0008963596126742285
g__GGB9509,0.0008944568314717205
g__GGB3626,0.0008914653054783574
g__GGB9747,0.0008912889989087561
g__GGB2848,0.0008902213097216175
g__GGB4644,0.0008704327874915861
g__GGB9618,0.0008639319972875543
g__Proteus,0.0008623846975688945
g__Ezakiella,0.0008531917696755753
g__Sanguibacteroides,0.0008524339432509736
g__Aggregatibacter,0.0008330839005416116
g__GGB9712,0.0008314581709900037
g__GGB9512,0.0008313886473145244
g__GGB4659,0.0008290256043080836
g__GGB4588,0.0008289516391875719
g__GGB4717,0.0008288486385747434
g__Congzhengia,0.0008277721865934968
g__Victivallis,0.000821742527417028
g__GGB4611,0.0008086005706638777
g__GGB4682,0.0008053513612756774
g__Pediococcus,0.0007983209150176149
g__GGB3616,0.000778486326890722
g__GGB44238,0.0007760659987465157
g__Hydrogeniiclostridium,0.0007735556726803722
g__Hafnia,0.0007733194416731895
g__Morganella,0.000772469071360144
g__GGB3340,0.0007698485488914617
g__GGB9782,0.0007679342182161606
g__Peptoniphilus,0.0007656276001800732
g__GGB9781,0.0007589856484907423
g__Gehongia,0.0007578298706606175
g__Cryptobacterium,0.0007569070858138019
g__GGB4599,0.000748583547038791
g__GGB9434,0.000746514808731386
g__GGB9690,0.0007461174704045742
g__GGB45613,0.0007398634355562515
g__GGB47687,0.0007347269403962544
g__Anaerovorax,0.0007322517826058087
g__GGB58485,0.0007316561617545378
g__GGB58158,0.0007302719688293903
g__GGB3175,0.0007278729851801739
g__GGB9765,0.000725820182073497
g__GGB33469,0.0007208228591421404
g__GGB31234,0.0007125694889680652
g__GGB9766,0.000711870749239191
g__Staphylococcus,0.0007069629847370405
g__Monoglobus,0.0007020466805898065
g__GGB3819,0.0006938831937146244
g__Paeniclostridium,0.0006877446307180857
g__GGB3486,0.0006791154521057825
g__GGB9511,0.0006767033595070573
g__GGB9563,0.0006753596246267687
g__GGB4699,0.0006722570505846587
g__GGB9818,0.0006696034720987518
g__GGB9691,0.0006616866667687695
g__GGB9524,0.000659482338427405
g__Anaeroglobus,0.0006589831638808585
g__GGB2980,0.0006500588637492566
g__GGB1148,0.0006445593707802491
g__GGB9075,0.0006392835888618323
g__Parvimonas,0.0006382122021491241
g__GGB1266,0.0006342190152388194
g__Burkholderia,0.0006297162550666041
g__GGB9453,0.0006222102846771789
g__GGB4549,0.0006203118115314856
g__GGB38239,0.0006177071136996453
g__GGB49418,0.0006164800841596582
g__GGB3478,0.0006159476651527566
g__Enteroscipio,0.0006126565135673038
g__GGB9774,0.0006109676581167031
g__Paraeggerthella,0.0006100073303588002
g__GGB4277,0.0006073875627971221
g__Murimonas,0.0006040347210120631
g__GGB3550,0.0006038712532708563
g__GGB4257,0.0006026064018787018
g__GGB8965,0.0006022252140504424
g__GGB1420,0.0006011697902256881
g__GGB4386,0.0006010231847798768
g__GGB38744,0.0005996258934592763
g__GGB9225,0.0005944072366058555
g__Bacteroidales_unclassified,0.0005927767034657268
g__GGB9724,0.0005878135835824774
g__Butyrivibrio,0.0005875654646940049
g__GGB3576,0.0005867219687933875
g__GGB9621,0.0005733876713972069
g__GGB9737,0.0005731450897933604
g__GGB3004,0.0005707264076192628
g__GGB6574,0.0005672745424688137
g__GGB3032,0.0005646023513120413
g__GGB4684,0.000563948741769287
g__GGB51110,0.0005618067048383956
g__GGB2977,0.0005606457226643917
g__GGB45497,0.000559993218117837
g__Drancourtella,0.0005572572427589925
g__GGB6612,0.0005520275652644322
g__GGB9240,0.0005496402610314414
g__Prevotellamassilia,0.0005471955978406973
g__Peptacetobacter,0.0005449379278019412
g__GGB6126,0.0005423481336737011
g__GGB3441,0.0005415944562360221
g__Moraxella,0.0005396907400503022
g__Paraclostridium,0.0005235541102978175
g__Bacilliculturomica,0.0005205820222615136
g__GGB3002,0.0005201550978766547
g__GGB9767,0.0005175932780354929
g__Candidatus_Borkfalkia,0.0005171135138641292
g__GGB25442,0.0005134524372343299
g__GGB1663,0.000511561543936724
g__GGB9513,0.0005071156210500543
g__GGB52106,0.0005067118348125366
g__GGB1123,0.0004996278211400597
g__GGB6606,0.0004993181082804431
g__GGB9064,0.0004991773485491594
g__Ralstonia,0.0004971643317918202
g__GGB45656,0.0004942705163394658
g__GGB32387,0.0004911560369763773
g__GGB9238,0.0004898055606584482
g__GGB9603,0.0004882940386020883
g__Plesiomonas,0.00048728477416138305
g__GGB3817,0.00048575890408541686
g__GGB1096,0.0004823356144277288
g__GGB3722,0.00047927592047296015
g__GGB53380,0.00047904501942955995
g__GGB28640,0.00047674149684890656
g__Longibaculum,0.00047460756204961853
g__Bradyrhizobium,0.00047354994727728567
g__GGB9628,0.000471466012326623
g__Melissococcus,0.0004710759920241365
g__Zhenhengia,0.0004686377405967745
g__Faecalitalea,0.0004676652982776253
g__GGB9347,0.0004663874002915377
g__Shuttleworthia,0.00045920169809064124
g__GGB9642,0.00045850744888748635
g__Feifania,0.00045829841915086055
g__GGB2958,0.0004541072985934848
g__GGB9117,0.00045034058566791323
g__GGB9350,0.00044877726968559143
g__GGB9200,0.00044479157994400904
g__GGB9608,0.00044473605122448607
g__GGB32900,0.00043526717100778235
g__GGB4664,0.0004348522628290542
g__GGB24147,0.000431131380785583
g__GGB9527,0.0004305461569093435
g__GGB3118,0.00043053446688073806
g__GGB1380,0.00042647416633674015
g__GGB3003,0.0004262744041766133
g__GGB9773,0.00042417219747509905
g__GGB9424,0.00042386314715209413
g__GGB3352,0.0004206239865248393
g__GGB9469,0.0004202297575460233
g__Methanosphaera,0.0004194513904902107
g__GGB31184,0.0004193690949991909
g__Leclercia,0.0004188618813650931
g__GGB9199,0.000417376245815747
g__GGB9271,0.00041625197116672795
g__Acinetobacter,0.0004159888360653235
g__GGB9695,0.0004153645228743018
g__Salmonella,0.0004135855632907281
g__Catenibacterium,0.0004131518283787791
g__GGB74463,0.0004128005130881163
g__GGB74511,0.0004079417043955504
g__GGB45491,0.0004039297585126009
g__GGB9370,0.00040101633200870484
g__GGB9062,0.00040047471148777923
g__GGB3328,0.0003954154432738644
g__GGB45596,0.00039528789553355424
g__Candidatus_Gastranaerophilales_unclassified,0.0003898858208356665
g__Cronobacter,0.00038911175147160704
g__Robinsoniella,0.00038849768963703147
g__GGB3124,0.00038654723620825434
g__GGB9243,0.00038589759639509337
g__GGB2731,0.0003854790687967846
g__GGB34228,0.0003854238051986693
g__GGB3496,0.00038258575809451735
g__Levyella,0.00038242470982577793
g__GGB3548,0.0003821757561379675
g__GGB13489,0.0003812315757121299
g__Fructilactobacillus,0.00037749029720787205
g__GGB13147,0.0003750459996454074
g__GGB9701,0.0003710559068716175
g__GGB9739,0.00037078351646219936
g__Veillonellaceae_unclassified,0.00036894861208632197
g__GGB42389,0.0003667610514483959
g__GGB1689,0.00036595158798258286
g__GGB96534,0.0003642444190858027
g__GGB4591,0.00036303347943965304
g__GGB9710,0.00036233944693835155
g__GGB3528,0.0003615638504538863
g__Hoeflea,0.0003614494204609956
g__Hydrogenophaga,0.0003603495529210362
g__GGB9525,0.00036013095952448066
g__Bacillus,0.00035914789430730213
g__GGB2652,0.00035896578063642685
g__GGB3593,0.0003557962906005571
g__Bulleidia,0.0003553184529914656
g__GGB9275,0.0003543781238793032
g__Selenomonas,0.0003529980101713771
g__Finegoldia,0.00035120543480314563
g__GGB1543,0.0003497879712910623
g__GGB51111,0.00034737642782109755
g__GGB9186,0.0003464403453858045
g__GGB3364,0.0003462401036483438
g__GGB3142,0.0003459527218166639
g__GGB88421,0.0003395020921431227
g__GGB58067,0.000337658948268693
g__Lentilactobacillus,0.00033731882708084546
g__Mobilibacterium,0.00033700991733511785
g__GGB4579,0.00033481233951690535
g__Methanoculleus,0.0003337621691448186
g__GGB87334,0.00033372825395399443
g__GGB3351,0.0003326962339160868
g__GGB3176,0.00033204594873652564
g__GGB1521,0.000331894813281418
g__Bariatricus,0.00033183370173911784
g__GGB3139,0.0003316766546125842
g__GGB35597,0.0003287534510651831
g__GGB4541,0.000328098134452463
g__Candidatus_Soleaferrea,0.0003263563321378681
g__GGB9775,0.00032542903771675823
g__Denitrificimonas,0.00032448797197852
g__GGB28369,0.0003236608047636301
g__GGB9197,0.00032206546456006925
g__GGB79087,0.00032046627922652075
g__GGB9291,0.00032005787734469137
g__Marvinbryantia,0.0003187737863509577
g__GGB3000,0.00031716373420527766
g__Christensenellaceae_unclassified,0.000309200628157966
g__GGB4617,0.00030896645973820826
g__Sphingomonas,0.00030726825507115335
g__GGB9293,0.0003062362646043617
g__GGB3034,0.0003037560534309918
g__Turicimonas,0.00030287952211011137
g__GGB4698,0.00030266322832019543
g__GGB9412,0.000295866640351252
g__GGB9425,0.0002952783944721394
g__Faecalicoccus,0.00029440359494840016
g__Baileyella,0.0002925537870386645
g__Culturomica,0.00029027698519198703
g__GGB4559,0.0002901814292237032
g__GGB4569,0.0002896778258108619
g__GGB9548,0.0002872734401501216
g__GGB9253,0.000286708766555214
g__Latilactobacillus,0.00028615555605757923
g__GGB9623,0.0002825151268598554
g__GGB70869,0.0002789784083344744
g__Ellagibacter,0.000277768923877747
g__GGB1528,0.00027530283052401284
g__GGB9266,0.0002749586511434594
g__Candidatus_Nanogingivalis,0.00027482821180850803
g__Thermophilibacter,0.00027188284433553707
g__GGB9697,0.0002704602323333816
g__GGB4703,0.00026973466977222785
g__GGB38987,0.000268276195707183
g__GGB3185,0.00026673367898959443
g__GGB4642,0.00026605324067953217
g__GGB1627,0.0002659200025556019
g__GGB9252,0.00026518084119180936
g__GGB6648,0.0002650161275520948
g__GGB9288,0.00026384106942775755
g__Eggerthellaceae_unclassified,0.0002617878723111925
g__GGB9580,0.0002615583161235334
g__GGB9454,0.0002613848910181814
g__GGB4704,0.00026118961540857425
g__GGB9060,0.0002596268672302813
g__GGB51884,0.00025403772739125284
g__GGB6608,0.00025378297841756624
g__Diaphorobacter,0.00025294912962764025
g__GGB12794,0.00025131375282240784
g__GGB2970,0.00024956292974231774
g__GGB9575,0.00024634667206025824
g__Deinococcus,0.0002457486906969766
g__Roseicella,0.00024028788971032145
g__GGB3189,0.00024016194453351563
g__GGB9239,0.00023965635661442612
g__GGB1221,0.00023915677621788963
g__Methylorubrum,0.00023899177849777634
g__GGB9285,0.00023648824366361907
g__GGB9582,0.0002359111139752168
g__GGB3627,0.00023547182905215544
g__Cellulosilyticum,0.0002352750252869704
g__GGB9063,0.00023432570097048897
g__Anaerococcus,0.00023311457524499352
g__Kineothrix,0.00023031560763032117
g__GGB9334,0.00022911579312049333
g__GGB1662,0.00022664846009585454
g__GGB9210,0.00022561262552552405
g__GGB35456,0.00022299849757010678
g__GGB3306,0.00022275168952199222
g__GGB3289,0.0002211872691897007
g__GGB9530,0.0002189764863915138
g__GGB4651,0.00021808173988664944
g__Pluralibacter,0.00021652878513179813
g__Terrisporobacter,0.00020862502791740752
g__GGB3287,0.00020744250571004335
g__GGB9542,0.00020473403287885468
g__GGB1538,0.00020356882256705356
g__GGB9303,0.00020199108179660348
g__GGB3052,0.00020162598922215068
g__Hallella,0.00020162206042806277
g__GGB9523,0.0002014534304665576
g__GGB9640,0.0002006779307812451
g__GGB51139,0.00020038469061569024
g__GGB9270,0.00020035359162965535
g__Neglectibacter,0.00019974990259795773
g__GGB9547,0.00019940473900296695
g__GGB9290,0.00019927349324906909
g__GGB9278,0.000195091618760187
g__Vagococcus,0.00019498143669622814
g__GGB4558,0.0001948236763097173
g__Loigolactobacillus,0.00019298743486798734
g__GGB4657,0.00019140848569902956
g__GGB9466,0.000191143712774223
g__GGB12761,0.00019106866124030532
g__Methanobrevibacter,0.00018900019571747596
g__Planctomyces,0.00018798414379357886
g__Firmicutes_unclassified,0.0001874194758966607
g__GGB9249,0.00018643119968153867
g__GGB88417,0.00018602867505012718
g__GGB9476,0.00018498909798038397
g__Sneathia,0.00018486091051930477
g__GGB3353,0.00018296025368991765
g__GGB9091,0.0001827118568422368
g__GGB3267,0.0001827023226938313
g__GGB4571,0.00017889354420282848
g__Tsuneonella,0.00017856084520365522
g__GGB4586,0.00017792139353848578
g__GGB9634,0.00017664611654072483
g__GGB33247,0.00017659365062454787
g__Alicycliphilus,0.00017647488782181065
g__GGB48168,0.0001749102129821477
g__GGB4550,0.00017429752151888837
g__GGB3603,0.00017400344308438377
g__Phytobacter,0.00017338252619678664
g__GGB39037,0.00017322487253330264
g__GGB9198,0.00017254363774096536
g__Pseudomonas,0.00016887821467667996
g__GGB3126,0.00016864339211296079
g__Candidatus_Kuenenia,0.00016852327858953928
g__GGB9819,0.00016846510090287315
g__Glutamicibacter,0.0001664273201134676
g__Pygmaiobacter,0.00016550647844452377
g__GGB9095,0.00016507140174088387
g__Lachnoanaerobaculum,0.00016497165199985602
g__GGB9694,0.0001643764369302741
g__GGB4689,0.0001632391219337738
g__GGB36599,0.00016237701286337248
g__GGB6566,0.0001623022601799107
g__GGB27106,0.0001622954654845331
g__Kaistella,0.00016098343426922696
g__GGB3303,0.0001602292341833967
g__GGB9641,0.000158978627541929
g__Lactiplantibacillus,0.00015839216949638306
g__GGB87445,0.00015833693390244162
g__GGB3637,0.00015801610832403494
g__Mitsuokella,0.00015720445684375822
g__GGB70856,0.0001571551399750265
g__Epilithonimonas,0.00015695340666404227
g__GGB6133,0.00015626438276635706
g__GGB9059,0.00015569455034844824
g__GGB6521,0.00015371558921483547
g__Methanomassiliicoccaceae_unclassified,0.00015363919744984807
g__GGB9778,0.00015327875639758163
g__GGB3680,0.0001527804395553375
g__GGB4745,0.00015257047044370687
g__Muribaculum,0.00015123368396323636
g__GGB10692,0.0001497468637842006
g__GGB45620,0.00014951425685353348
g__GGB4583,0.00014848770142567936
g__GGB3446,0.00014811095269805235
g__GGB9589,0.0001462177811090637
g__GGB3737,0.0001461472889749189
g__GGB3480,0.00014569371095519748
g__GGB9076,0.00014537944260246697
g__GGB4653,0.0001453347584441137
g__GGB32024,0.00014487431164770693
g__GGB41904,0.00014385576342814313
g__GGB49434,0.00014199396938333048
g__GGB4250,0.0001407394295389472
g__Coriobacteriaceae_unclassified,0.0001404606821228628
g__GGB6601,0.00013950050304230622
g__GGB45540,0.00013861625862094043
g__Caniella,0.00013860608107484404
g__Companilactobacillus,0.00013782780213104155
g__Leminorella,0.00013702152633103835
g__GGB1095,0.00013548920699327677
g__GGB1505,0.00013464111190313236
g__GGB1496,0.00013446058697561848
g__GGB9262,0.0001323795516798396
g__GGB33539,0.00013197270121789931
g__GGB1455,0.00013117263128189978
g__GGB41473,0.00013064309220456622
g__GGB74703,0.00013042868991247514
g__Geobacillus,0.0001300747071043661
g__GGB3385,0.00012941722788040923
g__GGB33516,0.0001273847243578374
g__Tropheryma,0.00012706438908847889
g__GGB9297,0.00012645752449841227
g__Nakaseomyces,0.00012489256382960793
g__GGB31460,0.00012432165327568508
g__GGB9673,0.0001236565490204867
g__GGB3606,0.0001233301041463731
g__Mobiluncus,0.00012292788244274377
g__Lapidilactobacillus,0.0001224057657794997
g__GGB1350,0.00012223549585932034
g__GGB9611,0.00012169099742460604
g__GGB6572,0.0001210587195058436
g__GGB9082,0.00012051572418017852
g__GGB2964,0.00011900978997328724
g__GGB1552,0.00011892910586211755
g__GGB4711,0.0001179720097440022
g__GGB3623,0.00011752502749878467
g__GGB74700,0.00011729309494523903
g__GGB6512,0.00011698598910976156
g__GGB3254,0.00011680317346912958
g__GGB3887,0.00011640386364434747
g__Ottowia,0.00011626446426609322
g__GGB4700,0.0001151202410675706
g__GGB33512,0.000114888032338056
g__Neisseria,0.00011360462252004295
g__GGB1110,0.00011263923730786211
g__Bosea,0.00011253963814230988
g__GGB3600,0.00011248387832440496
g__GGB42378,0.00011107225289182152
g__GGB1566,0.00011088499874583025
g__GGB3012,0.00011026552617096313
g__GGB9543,0.00010997051249076842
g__GGB9533,0.00010963250277503602
g__GGB9696,0.00010788241160193368
g__GGB79394,0.00010759835476629656
g__GGB4774,0.00010724728489922339
g__GGB6020,0.00010723092911602296
g__GGB3152,0.00010630844070819102
g__GGB1526,0.00010575523388018427
g__GGB4602,0.00010545756855143608
g__Nakamurella,0.00010217367876711295
g__GGB4676,0.00010204479745105819
g__Puniceicoccaceae_unclassified,0.00010174306348684565
g__GGB4269,0.00010133039259658485
g__Acetivibrio,9.956209800444736e-05
g__GGB3883,9.952974332420038e-05
g__GGB3538,9.731818760980801e-05
g__Afipia,9.638106294014361e-05
g__Reyranella,9.612603444324144e-05
g__GGB1093,9.52017548689015e-05
g__Paratractidigestivibacter,9.497678278447235e-05
g__Rubneribacter,9.472020707143358e-05
g__GGB4661,9.316804333516932e-05
g__GGB9711,9.313221559898853e-05
g__Dysgonomonas,9.30626822080285e-05
g__GGB6470,9.305506767758529e-05
g__GGB33665,9.110944187475479e-05
g__Edwardsiella,9.080199892392182e-05
g__GGB9088,9.015092958058401e-05
g__GGB4702,8.987487042651892e-05
g__GGB1551,8.954696211896337e-05
g__Leptogranulimonas,8.908460295470879e-05
g__GGB4260,8.807807940094093e-05
g__GGB6565,8.801672981750595e-05
g__Extibacter,8.755174786514807e-05
g__GGB9211,8.702483918738428e-05
g__GGB70521,8.691460007038863e-05
g__Clostridioides,8.394538939780925e-05
g__GGB85099,8.29051207436304e-05
g__GGB3609,8.253635554398261e-05
g__GGB9357,8.194192260759447e-05
g__GGB9743,8.161011344580169e-05
g__GGB9495,8.133208992184823e-05
g__Mammaliicoccus,8.085710978526377e-05
g__GGB3678,8.0543726349437e-05
g__Gallibacter,7.99195353813758e-05
g__Hyphomicrobium,7.986254181361257e-05
g__GGB1568,7.77984364920874e-05
g__Microbacterium,7.734655879973623e-05
g__GGB1219,7.711342069046907e-05
g__GGB3569,7.602163738001313e-05
g__GGB3640,7.577213964538299e-05
g__GGB3517,7.552920219253301e-05
g__GGB3276,7.544993814749571e-05
g__GGB3755,7.513931433542835e-05
g__Obesumbacterium,7.500842998354303e-05
g__GGB73496,7.393986372721829e-05
g__GGB13283,7.312024027921686e-05
g__GGB9354,7.271834758404295e-05
g__Yanshouia,7.262486243970929e-05
g__GGB9282,7.259450386940978e-05
g__Macrococcus,7.248547273836132e-05
g__GGB9551,7.175908854693475e-05
g__GGB9783,7.079322607782737e-05
g__GGB4580,7.051570744566895e-05
g__Chryseobacterium,7.004300451672528e-05
g__GGB1672,6.980314134539618e-05
g__Kocuria,6.744802698516819e-05
g__GGB4706,6.504672342550899e-05
g__GGB3518,6.457072244989926e-05
g__GGB2732,6.408910893978446e-05
g__Methanothrix,6.0922284422706826e-05
g__GGB9784,6.035857049024771e-05
g__GGB1523,6.033093982471227e-05
g__GGB45599,5.978600960038975e-05
g__GGB52930,5.932518245972374e-05
g__GGB3343,5.7495166882250434e-05
g__GGB1495,5.584906443775784e-05
g__GGB3400,5.559262003002306e-05
g__Brevundimonas,5.552062034304772e-05
g__GGB4671,5.2395855095716764e-05
g__GGB1379,5.020445218610548e-05
g__GGB9176,4.8862461259766636e-05
g__Succinatimonas,4.774992987967641e-05
g__GGB532,4.591581711022461e-05
g__Herbaspirillum,4.380418849061542e-05
g__GGB12985,4.37805704138153e-05
g__GGB1385,4.191018459651137e-05
g__GGB1567,4.182715938795544e-05
g__GGB4715,4.1707542415006315e-05
g__GGB79118,4.1316404075328206e-05
g__GGB47174,4.078730511347038e-05
g__GGB3146,4.0294741524476876e-05
g__GGB48159,4.013835991162288e-05
g__GGB3451,3.979880517208296e-05
g__Campylobacter,3.962633263766244e-05
g__Stenotrophomonas,3.9175998889317984e-05
g__GGB1550,3.916758828220953e-05
g__Caulobacter,3.6510242499860505e-05
g__GGB9189,3.625193982864141e-05
g__GGB3738,3.6177190615925126e-05
g__GGB1246,3.613152117095309e-05
g__Berryella,3.5804499403028044e-05
g__GGB4266,3.55176862033687e-05
g__GGB9474,3.5199764658439486e-05
g__GGB1102,3.4463816189321416e-05
g__Uruburuella,3.316889384399674e-05
g__GGB3033,3.3025800515990074e-05
g__GGB3677,3.299051738240154e-05
g__GGB9620,3.27574787157675e-05
g__GGB3475,3.25103222617242e-05
g__GGB29535,3.236589331294154e-05
g__GGB3325,3.216426561395325e-05
g__Lelliottia,3.183548716084879e-05
g__Ndongobacter,3.1811034664563e-05
g__GGB9343,3.117666078014391e-05
g__GGB9109,3.061133923364737e-05
g__GGB9094,3.0092426554325172e-05
g__GGB2996,2.9610713573654015e-05
g__GGB4598,2.893045191000646e-05
g__GGB6529,2.8880440695769836e-05
g__GGB34476,2.8798698943277348e-05
g__GGB9263,2.8455230752413723e-05
g__GGB4548,2.6403364265600845e-05
g__GGB2657,2.635936613678013e-05
g__GGB13017,2.613563495230576e-05
g__GGB42639,2.4414789505355393e-05
g__Pedobacter,2.406204538752173e-05
g__GGB34231,2.3245934677856012e-05
g__GGB9267,2.2967501718310247e-05
g__Varibaculum,2.166570220516423e-05
g__GGB6518,1.8406387660917747e-05
g__GGB52283,1.7877737329791927e-05
g__GGB9299,1.73292636614639e-05
g__GGB4641,1.6426427280160325e-05
g__GGB48169,1.465129000276058e-05
g__GGB4566,1.3552433174255138e-05
g__GGB42184,1.300372585940215e-05
g__GGB4710,1.2000601339547578e-05
g__GGB9574,1.1121878940211914e-05
g__Coriobacteriales_unclassified,1.0730200685400664e-05
g__GGB1146,1.0680962881334484e-05
g__Lawsonella,1.021373759448871e-05
g__Soonwooa,1.0037764713567386e-05
g__GGB4658,9.972979310063375e-06
g__GGB4584,9.853977580109892e-06
g__Alterileibacterium,9.80377871861636e-06
g__Dellaglioa,8.921042017184418e-06
g__GGB1548,8.610953595004065e-06
g__GGB4754,7.476118028993036e-06
g__Acidovorax,6.982147604187158e-06
g__GGB32451,6.978713589860774e-06
g__GGB1691,6.417709997414155e-06
g__GGB9768,5.3928852346925435e-06
g__GGB3892,3.1964391732634223e-06
g__Aeromicrobium,1.838347876981325e-06
g__GGB4723,2.4987986490037337e-18
g__GGB6123,1.83261185947533e-18
g__GGB9457,1.4698440730950612e-18
g__GGB1339,1.397100481639702e-18
g__GGB9289,1.1354817274542416e-18
g__GGB4243,9.547686410547327e-19
g__GGB34797,8.729319902780907e-19
g__GGB1562,7.583359736834222e-19
g__GGB1154,7.147924577720074e-19
g__GGB9264,6.923077466168441e-19
g__GGB3583,5.499321523277126e-19
g__GGB1239,5.041178898762543e-19
g__GGB13727,4.937289793861329e-19
g__GGB9224,4.367582923341688e-19
g__GGB9260,3.7437321967553465e-19
g__GGB4713,2.941674021276771e-19
g__GGB6038,2.653773520981987e-19
g__GGB4597,2.441588479558745e-19
g__GGB1582,2.334903445633498e-19
g__GGB1215,2.1339417979991816e-19
g__GGB6611,2.003908760265967e-19
g__GGB35551,1.9670333512276875e-19
g__GGB4686,1.8935249448900225e-19
g__GGB3323,1.7983518044594879e-19
g__GGB4802,1.789569644415719e-19
g__Marseilla,1.6209523570412892e-19
g__GGB9606,1.380996121277707e-19
g__GGB3169,1.1602618276658497e-19
g__GGB4554,9.301482660640081e-20
g__Mediterranea,8.672866868350278e-20
g__GGB6012,8.46049465119558e-20
g__GGB1527,8.433914960580967e-20
g__GGB9261,8.091581068735062e-20
g__Furfurilactobacillus,0.0
g__GGB9184,0.0
g__GGB1525,0.0
g__GGB34900,0.0
g__GGB6132,0.0
g__GGB9172,0.0
g__GGB4694,0.0
g__Duodenibacillus,0.0
g__Pseudoramibacter,0.0
g__GGB4272,0.0
g__GGB9539,0.0
g__GGB3057,0.0
g__Atlantibacter,0.0
g__Angelakisella,0.0
g__GGB51960,0.0
g__GGB52002,0.0
g__Cetobacterium,0.0
g__Gallalistipes,0.0
g__GGB4669,0.0
g__Pseudoxanthomonas,0.0
g__GGB4609,0.0
g__Providencia,0.0
g__GGB9102,0.0
