sample_id,label,o__Synergistales,o__Bacteroidales,o__Coriobacteriales,o__Eubacteriales,o__Acidaminococcales,o__Desulfovibrionales,o__Lactobacillales,o__Eggerthellales,o__Erysipelotrichales,o__Enterobacterales,o__Bifidobacteriales,o__Candidatus_Saccharimonadales,o__OFGB15212,o__Candidatus_Saccharibacteria_unclassified,o__OFGB1226,o__OFGB1262,o__Selenomonadales,o__OFGB1126,o__Actinomycetales,o__Burkholderiales,o__OFGB1776,o__OFGB14936,o__OFGB2982,o__OFGB1765,o__OFGB3069,o__OFGB1217,o__OFGB75721,o__Pasteurellales,o__OFGB3048,o__OFGB3038,o__OFGB1011,o__Clostridia_unclassified,o__OFGB3047,o__Veillonellales,o__Bacteria_unclassified,o__OFGB3023,o__OFGB1354,o__OFGB2915,o__OFGB1227,o__OFGB3057,o__Verrucomicrobiales,o__OFGB1292,o__Firmicutes_unclassified,o__OFGB1380,o__OFGB3062,o__OFGB38642,o__OFGB77988,o__Propionibacteriales,o__OFGB45628,o__Candidatus_Nanogingivales,o__Bacillales,o__OFGB4806,o__Micrococcales,o__OFGB4605,o__OFGB1359,o__OFGB45503,o__OFGB72924,o__OFGB2997,o__OFGB3072,o__OFGB1325,o__OFGB2960,o__OFGB10477,o__OFGB32970,o__OFGB9989,o__Corynebacteriales,o__Fusobacteriales
CRR1012336,1,0.0,27.741879999999995,0.04381,42.27311999999999,0.11784,0.47435000000000005,0.11805999999999998,0.042609999999999995,0.14852,4.4836100000000005,0.68367,0.0049,0.09341,0.00557,0.01158,0.0,0.0,0.00046,0.01043,0.01488,1.35153,0.40243,0.24074,1.90822,0.0,0.0751,0.0,0.0,0.02203,0.05163,0.00767,0.02553,0.01376,0.99204,0.00869,0.03752,0.0,0.01615,0.00031,0.0,0.0,0.0,0.0,0.0,0.0,4.410299999999999,0.07264,0.0,0.0,0.0,0.0,0.0,0.0,0.01978,0.00972,0.0,1.25961,0.0,0.00031,1.91515,0.00981,0.0,0.0,0.0,0.0,0.0
CRR1012349,0,0.0,8.867489999999998,0.0052,69.64261999999995,0.0,0.01924,0.39992999999999995,1.16752,0.56135,0.01816,0.0,0.00302,0.0,0.041319999999999996,0.0,0.0,0.00668,0.00287,0.00187,0.16379,4.47303,0.0,0.0,0.0,0.0,0.0,0.0,0.0,0.01947,0.06071,0.01963,0.43423,0.00213,2.2257499999999997,0.02309,0.10884,2.84697,0.39487,0.02338,0.01999,0.0,0.0,0.10077,0.0,0.0,0.0,0.0,0.0,0.01557,0.0,0.00054,0.0,0.00167,0.0,0.0,0.0,0.0,0.00109,0.00401,0.0,0.0,0.0,0.0,0.0,0.0,0.0
CRR1012358,0,0.0,6.10752,1.24359,54.853329999999964,5.70814,1.23365,5.614480000000001,1.2078700000000002,0.79924,1.27171,7.8498,0.02851,0.0,0.17706999999999998,0.0,0.0,0.0,0.0,0.03308,0.06183,0.0,0.0,0.0,0.0,0.0,0.0,0.0,0.00849,0.0,0.0,0.0,0.03847,0.0,0.23502,0.0,0.0,0.0,0.0,0.0,0.0,0.0,0.023280000000000002,0.0,0.0,0.0,0.0,0.0,0.0,0.0,0.01293,0.00053,0.0,0.0,0.0,0.0,0.0,0.0,0.0,0.0,0.0,0.0,0.0,0.0,0.0,0.0,0.0
CRR1012371,1,0.0,17.073100000000007,0.5001800000000001,50.43923999999999,1.36797,1.0593700000000001,0.5244800000000001,1.14055,2.7741299999999995,0.29340999999999995,0.40058,0.00693,0.0,0.04173,0.00012,0.03916,0.0,0.0,0.01948,0.26334,0.71471,2.05979,0.02124,0.0,0.0,0.0,0.0,0.01798,0.03005,0.01392,0.0,0.00041,0.01427,0.01828,0.0245,0.02047,0.26247,0.0,0.00989,0.01129,0.00063,0.0,0.28062000000000004,0.0,0.56488,0.49585,0.14653,0.0,0.00052,0.0,0.02471,0.0,0.00395,0.0,0.03284,0.02413,0.02115,0.00527,0.0,0.0,0.0,0.0,0.0,0.0,0.0,0.0
CRR1012380,0,0.0,2.5381299999999998,21.510229999999996,51.401319999999984,0.01649,0.08767,2.5608300000000006,1.10009,2.64551,0.8511700000000001,2.59033,0.0061,0.0,0.32700999999999997,0.0,0.0,3.04054,0.0,0.55529,0.05701,0.00367,0.0,0.0,0.0,0.0,0.01869,0.0,0.01555,0.12427,0.0,0.0005,0.12228,0.0176,0.21488,0.09131,0.0,0.0,0.0,0.01371,0.0,1.40032,0.12626,0.09712,0.19993,0.0,0.0,0.0,0.00428,0.0,0.03743,0.01113,0.0,0.01512,0.0,0.0,0.0,0.0,0.0,0.0,0.0,0.0,0.0,0.0,0.0,0.01465,0.0
CRR1012436,1,0.0,18.90004,1.24281,48.089180000000006,0.55467,0.02697,0.18853999999999999,0.98417,0.7528600000000001,0.16862,0.51418,0.01606,0.18477,0.032799999999999996,0.02623,0.0,0.0,0.0,0.0008799999999999999,0.21570999999999999,6.73696,5.78396,0.74188,0.41213999999999995,0.06591,0.05302,0.03001,0.02693,0.02628,0.02075,0.01267,0.01019,0.01018,0.01778,0.00807,0.00667,0.00413,0.00228,0.00112,0.0006,0.0,0.0,0.0,0.0,0.0,0.0,0.0,0.0,0.0,0.0,0.0,0.0,0.0,0.0,0.0,0.0,0.0,0.0,0.0,0.0,0.0,0.0,0.0,0.0,0.0,0.0
CRR1012452,1,0.0,6.17571,4.06575,44.16458,0.00185,1.01703,0.33798999999999996,0.43157999999999996,6.09089,0.36097,21.29426,0.0266,0.0,0.02808,0.0,0.12075,0.34574,0.0,0.0483,0.049389999999999996,0.0,0.02216,0.0,0.0,0.0,0.0,0.0,0.0098,0.0,0.0,0.02316,0.01224,0.0,0.07043,0.00368,0.04026,0.48578,0.0,0.0,0.07384,1.05182,0.15494,0.0,0.02885,0.0,0.0,0.0,0.01414,0.0,0.00275,0.00396,0.0,0.00188,0.0,0.0,0.0,0.0,0.0,0.0,0.0,0.0,0.0,0.0,0.0,0.01021,0.0
CRR1012459,1,0.02569,25.14656,0.0,47.04800999999999,0.0,0.18185,0.8337500000000001,1.69005,4.01813,2.03909,0.81226,0.0,0.0,0.0,0.0259,0.01814,0.0,0.0,0.0,0.05856,0.0,0.83751,0.74194,0.0,0.12789,0.20848,0.00683,0.0,0.03438,0.10011,0.05591,0.00296,0.0,0.0,0.02088,0.03133,2.0456,0.01728,0.0,0.01423,1.88378,0.116,0.05431,0.0,0.88621,0.0,0.0,0.0,0.00073,0.0,0.0,0.0,0.0,0.0,0.01517,0.0,0.00051,0.0,0.0,0.29889,0.0,0.41533,0.00566,0.0,0.0,0.0
CRR1012463,1,0.0,22.12901,17.89221,47.080299999999994,0.00251,0.16629,0.41692,0.62241,0.07306000000000001,7.07434,2.4493,0.0,0.0,0.0,0.0,0.0,0.08918,0.0,0.00201,0.0,0.0,0.08893,0.0,0.00406,0.0,0.0,0.0,0.0,0.0,0.0,0.0,0.0,0.0,0.00076,0.0,0.0,0.0,0.0,0.0,0.0,0.0,0.14645,0.0,0.0,0.0,0.0,0.0,0.0,0.0,0.0,0.0,0.0,0.00612,0.0,0.0,0.0,0.02887,0.0,0.0,0.0,0.0,0.0,0.0,0.0,0.0,0.0
CRR1012467,1,0.0,29.717329999999997,0.07514,63.353280000000005,0.0,0.01975,0.6985899999999999,0.32686000000000004,1.26064,0.02658,0.56406,0.0,0.0,0.0,0.0,0.0,0.0,0.00406,0.0,0.63172,0.0,0.0,0.0,0.0,0.0,0.04093,0.04141,0.01941,0.00605,0.00102,0.0,0.0,0.02655,1.49014,0.04941,0.03319,0.0,0.00455,0.0,0.0,0.07281,0.06495,0.07675,0.14155,0.0,0.33259,0.0,0.0,0.0,0.0,0.0,0.0,0.00258,0.0,0.0,0.0,0.0,0.07814,0.0,0.0,0.0,0.0,0.0,0.0,0.0,0.0
CRR1012468,1,34.38693,40.04496000000001,1.71251,10.94516,0.6789,0.45747,0.49683,0.43851,0.22036,0.10622,0.06219,0.03307,0.02982,0.035449999999999995,0.01667,0.00976,0.00477,0.00313,0.00295,0.00142,0.0,0.0,0.0,0.0,0.0,0.0,0.0,0.0,0.0,0.0,0.0,0.0,0.0,0.0,0.0,0.0,0.0,0.0,0.0,0.0,0.0,0.0,0.0,0.0,0.0,0.0,0.0,0.0,0.0,0.0,0.0,0.0,0.0,0.0,0.0,0.0,0.0,0.0,0.0,0.0,0.0,0.0,0.0,0.0,0.0,0.0
CRR1012470,1,0.00833,48.83050999999999,0.04894,38.827069999999964,1.77537,0.18693,0.17424999999999996,0.0054800000000000005,0.31930000000000003,0.28034,0.11784,0.01666,0.0,0.0393,0.0,0.0,0.84027,0.0,0.00768,0.194,0.0,0.0,0.0,0.0,0.0,0.06826,0.0,0.0,0.03008,0.00119,0.03278,0.01338,0.01733,0.37407,0.00999,0.0,0.0,0.0,0.0,0.0,0.61748,0.3211,0.29632,0.06072,0.04711,0.0114,0.0096,0.00517,0.00141,0.0,0.0,0.0,0.0,0.0,0.0,0.0,0.0,0.0,0.0,0.0,0.0,0.0,0.0,0.0,0.0,0.0
CRR1012471,1,0.00471,27.176759999999998,0.18669,26.94903,0.07647,0.34898,1.6415899999999999,0.0317,0.06299,0.48218,0.86281,0.00062,0.00608,0.0,0.00346,0.00887,0.0,0.0,0.00272,0.14233,2.00568,0.0,0.20555,0.33891,0.0,0.0,0.01901,0.01075,0.004,0.0,0.00435,0.0,0.00105,0.34898,0.00272,0.00843,0.15568,0.0,0.0,0.0,0.0,0.0,0.03107,0.0,0.76506,0.27581,0.0,0.0,0.0,0.0,0.0,1.69802,0.0,0.00721,0.02902,0.0,0.10788,0.0,0.0,0.0,0.02752,0.00301,0.01454,0.06061,0.0,0.0
CRR1012474,1,0.0,54.574529999999996,0.26252,17.92789,0.0,0.25978999999999997,0.88684,0.01047,0.8575799999999999,17.98686,0.0,0.0,0.0,0.0,0.0,0.0,0.0,0.0,0.00268,0.02908,0.0,0.0,0.0,0.0,0.0,0.0,0.0,0.0,0.0,0.0,0.0,0.0,0.0141,0.7511599999999999,0.0,0.0,0.0,0.0,0.0,0.0,0.0,0.09788,0.0,0.0,0.0,0.0,0.0,0.0,0.0,0.0,0.0,0.0,0.00607,0.0,0.0,0.0,0.0,0.0,0.0,0.0,0.0,0.0,0.0,0.0,0.0,0.0
CRR1012480,1,0.0,33.73183,0.90583,48.19170999999999,0.00586,0.07537,1.2489499999999996,0.46813,0.21381,0.17637000000000003,0.18367,0.01812,0.0,0.03791,0.00253,0.0,0.77964,0.0,0.010029999999999999,0.46915,1.79524,0.0,0.01767,0.0,0.0,0.01652,0.0,0.51199,0.0,0.0,0.0,0.00893,0.04084,0.13574,0.02973,0.0,0.00169,0.0,0.0,0.0,2.51989,0.05253,0.0,0.0,0.0,0.08801,0.0,0.0,0.0,0.0,0.0,0.02032,0.01729,0.00536,0.0,0.0,0.0,0.0,0.0,0.0,0.0,0.0,0.0,0.0,0.0,0.0
CRR1012487,1,0.0,27.32599,0.0,45.31289999999999,0.00312,0.01543,0.08073,0.28612000000000004,0.61661,1.24551,3.6865,0.0,0.0,0.0,0.0,0.0,0.0,0.00139,0.0,0.0,0.0,0.0,0.0,2.91966,0.0,0.15769,0.0,0.0,0.0,0.05506,0.0,0.00265,0.0,0.0,0.01905,0.00322,0.0,0.0,0.0,0.0,0.00084,0.35988,0.0,0.0,0.0,0.0,0.0,0.0,0.0,0.0,0.0,8.76669,0.0,0.0,0.0,0.0,0.0,0.0,0.0,0.0,0.0,0.0,0.06974,0.0,0.0,0.0
CRR1012491,1,0.0,14.11853,0.0,50.111880000000006,0.0,0.12835,0.90785,0.09037999999999999,0.36576000000000003,1.0287,0.0,0.00604,0.0,0.00012,0.0,0.0,0.0,0.0,0.02939,1.09414,0.0,0.0,0.0,0.0,0.0,0.0,0.0,0.10278,0.0,0.0,0.01284,0.07988,0.0,10.96012,0.11474,0.0,0.0,0.0,0.0,0.06186,4.23283,0.31667,0.0,1.04993,0.0,0.0,0.0,0.0,0.0,0.0,0.0,0.0,0.0,0.0,0.0,0.0,0.0,0.0,0.0,0.0,0.0,0.0,0.0,0.0,0.0,0.0
CRR1012495,1,0.0,2.7680199999999995,0.01165,74.95766000000003,0.0,8.727580000000001,0.56575,0.19344,0.7258799999999999,3.60985,0.08393,0.00873,0.0,0.0384,0.0,0.0,0.0,0.0,0.03737,0.11632,0.0,0.0,0.0,0.0,0.0,0.0,0.0,0.00723,0.0,0.0,0.0,0.0,0.0,4.48661,0.0,0.0,0.0,0.0,0.0,0.0,0.0,0.08703,0.4372,0.0,0.0,0.00611,0.0,0.0,0.0,0.0,0.0,0.0,0.01552,0.0,0.0,0.0,0.0,0.0,0.0,0.0,0.0,0.0,0.0,0.0,0.0,0.0
CRR1012518,1,0.0,31.0385,0.36274,37.82834999999999,0.47394,0.03797,0.48365,0.73746,2.05905,7.034669999999999,12.45391,0.01255,0.0,0.016130000000000002,0.0,0.0,0.0,0.0,0.024739999999999998,0.0,0.0,0.0,0.0,0.0,0.0,0.0,0.0,0.0,0.0,0.0,0.0,0.0,0.0,0.00014,0.0,0.0,0.0,0.0,0.0,0.0,6.6122,0.5751,0.0,0.0,0.0,0.0,0.0,0.0,0.0,0.0,0.01124,0.0,0.0,0.0,0.0,0.0,0.0,0.0,0.0,0.0,0.0,0.0,0.0,0.0,0.0,0.0
CRR1012523,1,0.0,2.3836199999999996,6.933949999999999,53.61301999999999,1.27183,0.0,14.833919999999999,0.21737999999999996,0.09894,0.0104,18.71854,0.00286,0.0,0.07880999999999999,0.0,0.0,0.0,0.0,0.038180000000000006,0.1177,0.0,0.0,0.0,0.0,0.0,0.0,0.0,0.02783,0.0,0.0,0.0,0.0272,0.0,0.44047000000000003,0.0,0.0,0.0,0.0,0.0,0.0,0.0,0.33247,0.0,0.10786,0.0,0.0,0.0,0.0,0.0,0.01347,0.01765,0.0,0.03997,0.0,0.0,0.0,0.0,0.0,0.0,0.0,0.0,0.0,0.0,0.0,0.0,0.0
CRR1012527,1,0.0,66.83139000000001,0.26782,24.871150000000007,3.47389,0.0,1.1192,0.03428,0.41955,0.32749,0.01533,0.0,0.0,0.0,0.0,0.0,0.0,0.0,0.0,0.73717,0.0,0.0,0.0,0.0,0.0,0.0,0.0,0.00236,0.0,0.0,0.0,0.0,0.0,0.22388,0.0,0.0,0.0,0.0,0.0,0.0,0.0,0.43046,0.0,0.50336,0.0,0.0,0.0,0.0,0.0,0.0,0.0,0.0,0.0,0.0,0.0,0.0,0.0,0.0,0.0,0.0,0.0,0.0,0.0,0.0,0.0,0.0041
CRR1012533,1,0.07182,35.89458,0.70033,48.43344,0.25861,0.27033,0.16482000000000002,0.16539,0.33544999999999997,0.09273999999999999,0.25199,0.0,0.0,0.0115,0.0,0.0,0.00122,0.0,0.00576,0.17278,0.0,0.0,0.0,0.0,0.0,0.07942,0.0,0.00756,0.06368,0.0,0.00178,0.0,0.00581,0.08617,0.0096,0.0,0.00534,0.0,0.0,0.0,0.22546,0.11661,0.0,0.10437,0.0,0.0,0.0,0.0,0.0,0.0,0.0,11.67775,0.0,0.0,0.0,0.0,0.0,0.0,0.0,0.0,0.0,0.0,0.0,0.0,0.0,0.0
CRR1012541,0,0.0967,6.56828,2.01547,69.18439,0.42299,2.63115,0.33304999999999996,2.32527,0.33713,0.27678,0.65646,0.06092,0.0,0.14859,0.05159,0.0,0.0,0.0,0.17748,0.64245,0.0,0.0,0.0,0.0,0.00342,0.61188,0.0,0.02019,0.0,0.02871,0.04826,0.09148,0.0,0.38247,0.0,0.0,0.0,0.0,0.0,0.0,9.14609,0.12438,0.0,0.0,0.0,0.0,0.0,0.0027,0.00851,0.01857,0.00399,0.0,0.03011,0.0,0.0,0.0,0.0,0.0,0.0,0.0,0.0,0.0,0.0,0.0,0.00488,0.0
CRR1012545,1,0.0,14.464729999999998,0.49706,67.67238000000002,0.1698,0.14127,0.24402,0.58435,0.14748,1.04967,0.0482,0.00325,0.0,0.0,0.0,0.0,0.13395,0.0,0.0,0.00708,0.0,0.0,0.0,0.0,0.0,0.0,0.0,0.0,0.0,0.0,0.0,0.00013,0.0,0.32831000000000005,0.04163,0.0,0.0,0.0,0.0,0.0,0.0,0.33443,0.0,0.0,0.0,0.0,0.0,0.0,0.0,0.0,0.0,6.41109,0.0,0.0,0.0,0.0,0.0,0.0,0.0,0.0,0.0,0.0,0.0,0.0,0.0,0.0
CRR1012564,0,0.0,21.569389999999995,0.0179,52.87961000000002,0.04901,0.01422,7.300900000000001,0.11624999999999999,0.11518,0.0,0.06519,0.0,0.0,0.03006,0.0,0.0,0.0,0.0,0.11019,0.01506,0.06024,0.7798,0.0,1.52978,0.0,0.0,0.0,0.00562,0.03343,0.0,0.0011,0.00523,0.0,10.55264,0.02622,0.0,0.0,0.0,0.0,0.0,0.2251,0.20562,0.13284,0.0,0.02796,0.07801999999999999,0.0,0.00101,0.0,0.02213,0.0,0.0,0.0443,0.0101,0.0,0.0,0.0,0.0,0.0,0.0,0.0,0.00022,0.0,0.01143,0.0,0.0
CRR1012576,1,0.0,60.332440000000005,0.19877999999999998,31.807380000000006,0.0,0.24652,0.9232199999999999,0.051219999999999995,1.1095000000000002,1.69164,0.28194,0.00416,0.0,0.06829,0.0,0.0,0.0,0.0,0.0194,0.26726,0.0,0.0,0.0,0.0,0.0,0.0,0.0,0.00448,0.0,0.0,0.0,0.0,0.0,2.51973,0.0,0.0,0.0,0.0,0.0,0.0,0.0,0.03341,0.0,0.0,0.0,0.0,0.0,0.0,0.0,0.0,0.0223,0.0,0.01314,0.0,0.0,0.0,0.0,0.0,0.0,0.0,0.0,0.0,0.0,0.0,0.0,0.0
CRR1012578,0,0.01649,10.62889,0.19417,38.97997999999998,1.83966,0.02624,0.32403,0.30239000000000005,0.66379,37.995900000000006,0.01894,0.0,0.07227,0.01208,0.03454,0.01744,0.0,0.0,0.0,0.07416,0.00099,0.0,0.10107,0.0,0.05651,0.1334,0.0,0.00647,0.10112,0.0,0.05618,0.00423,0.01619,0.22045000000000003,0.07753,0.0556,0.0,0.0,0.0,0.0,0.28616,0.0,0.06324,0.0,0.54794,0.0,0.51477,0.0,0.00682,0.0,0.0,0.0,0.0084,0.0,0.0,0.01074,0.0,0.0,0.0,0.0,0.0,0.24456,0.0033,0.0,0.0,0.0
CRR1012579,1,0.0,12.44329,1.49694,59.81917000000001,0.0,0.07048,1.42353,0.26044,0.80852,3.35621,15.040299999999998,0.17532,0.0,0.33348,0.0,0.0,0.0,0.0,0.03456,0.83361,0.0,0.0,0.0,0.0,0.0,0.0,0.0,0.05267,0.0,0.0,0.0,0.0,0.0,2.9853899999999998,0.0,0.0,0.0,0.0,0.0,0.0,0.0,0.29922,0.0,0.0,0.0,0.0,0.0,0.00921,0.0,0.0,0.00516,0.0,0.00994,0.0,0.0,0.0,0.0,0.0,0.0,0.0,0.0,0.0,0.0,0.0,0.02012,0.0
CRR1012581,1,0.0,1.82096,0.00476,66.06822000000004,0.0,0.14334,0.6826800000000002,0.30407999999999996,0.23656999999999997,2.0903,0.00373,0.00603,0.0,0.03241,0.0,0.0,0.0,0.0,0.04459,0.0,0.0,0.0,0.0,0.0,0.0,0.0,0.0,0.0,0.0,0.0,0.0,0.0286,0.0,28.18173,0.0,0.0,0.0,0.0,0.0,0.05534,0.17265,0.0,0.0,0.0,0.0,0.0,0.0,0.0,0.0,0.00012,0.0,0.00884,0.00423,0.0,0.0,0.0,0.0,0.0,0.0,0.0,0.0,0.0,0.0,0.0,0.0,0.03172
CRR1012584,1,0.0,37.799980000000005,0.16563,33.76477999999998,1.04908,0.17769,0.20141,0.56402,0.6504999999999999,0.10556,0.0,0.00094,0.0,0.02182,0.21395,0.03088,0.0,0.0058,0.01871,0.14834,5.19523,0.0,0.0,0.0,0.0,0.03533,0.0,0.0,0.0,0.16569,0.08739,0.04525,0.00036,0.0,0.01517,0.04762,0.0,0.0,0.00884,0.0,0.0,0.12988,0.0,0.0,0.0,0.0,0.0,0.0,0.012270000000000001,0.0,0.00984,13.29822,0.00092,0.0,0.0,0.0,0.0,0.0,0.0,0.0,0.0,0.0,0.0,0.0,0.0,0.0
CRR1012605,0,0.16888,39.82234999999999,0.0,36.44063999999999,0.0,0.06006,0.21638999999999997,1.33896,2.54014,1.81388,15.28534,0.01642,0.0,0.00404,0.0,0.0,0.0,0.0,0.0,0.0,0.0,0.0,0.0,0.0,0.0,0.0,0.0,0.0,0.0,0.0,0.0,0.0,0.0,1.37591,0.0,0.0,0.0,0.0,0.0,0.0,0.0,0.21596,0.0,0.0,0.0,0.0,0.0,0.0,0.0,0.0,0.0,0.0,0.0,0.0,0.0,0.0,0.0,0.0,0.0,0.0,0.0,0.0,0.0,0.0,0.0,0.0
CRR1012617,0,0.0,0.0,0.0,47.95268,0.0,0.0,0.54282,0.25004,0.9599099999999999,0.05591,6.30136,0.00953,0.0,0.00076,0.0,0.0,0.0,0.0,0.02137,0.56363,0.0,0.0,0.0,0.0,0.0,0.0,0.0,0.0286,0.0,0.0,0.0,0.0,0.0,2.5453,0.0,0.0,0.0,0.0,0.0,0.0,0.0,0.02599,0.0,0.0,0.0,0.0,0.0,0.0,0.0,0.0,0.00481,0.0,0.00511,0.0,0.0,0.0,0.0,0.0,0.0,0.0,0.0,0.0,0.0,0.0,0.0,0.0
CRR1012663,0,0.0,16.417749999999998,0.09252,63.23223,0.29654,2.56512,0.35856,0.08579,0.47966,0.18594,0.62584,0.01472,0.0,0.08283,0.0,0.0,0.0,0.0,0.020430000000000004,0.76246,0.03016,0.0,0.0,1.3363099999999999,0.0,0.00249,0.0,0.0,0.00095,0.0,0.0005,0.00718,0.0,0.53178,0.0355,0.0,0.0,0.0,0.01021,0.01451,0.0,0.0982,0.0,0.0,0.0,1.88088,0.0,0.0,0.0,0.00509,0.00513,10.15252,0.0,0.0,0.0,0.0,0.0,0.0,0.0,0.0,0.0,0.0,0.0,0.0,0.0,0.0
CRR1012666,0,0.0,5.910329999999999,0.02647,62.01078999999999,0.16946,0.32016,1.4744299999999997,2.65069,0.85667,0.05233,0.14647,0.00184,0.14968,0.04901,0.0,0.0,0.0,0.0,0.00684,0.0696,0.0,0.0,0.0,0.83435,0.0,0.0,0.0,1.28075,0.0,0.0,0.0,0.0,0.0,0.04257,0.00512,0.0,0.0,0.0,0.0,0.0,0.00051,0.00061,0.0,0.16738,0.0,0.0,0.0,0.0,0.0,0.0,0.02912,6.94215,0.0043,0.0,0.0,0.0,0.0,0.0,0.0,0.0,0.0,0.0,0.0,0.0,0.00537,0.0
CRR1012687,0,0.00053,16.39897,0.044160000000000005,33.51688999999999,0.42383,1.03353,0.08710000000000001,0.04122,0.63808,9.0973,0.11908,0.00608,0.0,0.00349,0.01891,0.04719,0.0,0.0,0.0,0.17758,5.967499999999999,1.921,0.22157,0.07207,0.0,0.0,0.0,0.05043,0.0,0.00863,0.00378,0.0,0.00434,0.00071,0.00646,0.01878,1.77047,0.00959,0.0,0.0,0.0,0.0,0.46242,0.0,1.49929,1.52893,0.03429,0.0,0.0,0.0,0.0,3.20435,0.0,0.03594,0.0,0.03513,0.09749,0.0045,0.0,0.0,0.03737,0.32827,0.0,0.1209,0.0,0.0
CRR1012698,0,0.0,51.62151,3.7122800000000002,17.522299999999998,0.13396,0.0821,0.89682,0.06384,1.23428,0.6111,10.97902,0.00141,0.0,0.13918,0.0,0.0,0.0,0.0,0.17199,0.19072,0.0,0.0,0.0,0.0,0.0,0.0,0.0,0.0,0.0,0.0,0.0,0.21127,0.0,10.074420000000002,0.0,0.0,0.0,0.0,0.0,0.0,0.0,0.22093,0.0,0.0,0.0,0.0,0.0,0.0,0.0,0.0,0.0,0.0,0.03851,0.0,0.0,0.0,0.0,0.0,0.0,0.0,0.0,0.0,0.0,0.0,0.0,0.02055
CRR1012707,0,0.0,1.74141,1.98758,54.64929999999998,0.01711,0.0024,1.99038,0.37429999999999997,5.0834,21.61197,0.12534,0.0,0.10735,0.07398,0.00116,0.0,0.0,0.0,0.18505,0.0,0.45035,0.0,0.0,0.0,0.0,0.0,0.00013,0.0,0.00889,0.0,0.0,0.0,0.00553,0.05262,0.0,0.00515,0.0,0.0,0.0,0.0,0.0,0.0,0.01843,0.0,0.19926,3.12563,0.0,0.0,0.0,0.01449,0.0002,4.0641,0.00902,0.0,0.09015,0.05124,0.20105,0.00315,0.0,0.0,0.00638,0.0,0.01175,0.34709,0.0,0.0
CRR1012709,0,0.0,0.5222600000000001,0.031129999999999998,54.31717,0.0,0.0,1.9480200000000003,1.69783,12.20189,16.02571,0.09617,0.10877,0.0,0.32547000000000004,0.0,0.0,0.0,0.0,0.37665,0.0,0.0,0.0,0.0,0.0,0.0,0.0,0.0,0.0,0.0,0.0,0.0,0.0,0.0,0.00629,0.0,0.0,0.0,0.0,0.0,0.0,0.0,0.03217,0.0,0.10428,0.0,0.0,0.0,0.04555,0.0,0.02218,1.10862,0.0,0.00738,0.0,0.0,0.0,0.0,0.0,0.0,0.0,0.0,0.0,0.0,0.0,0.0014,0.0
CRR1012720,0,0.0,15.21609,0.0,38.03040000000001,0.46013,0.00241,0.39640999999999993,0.45944999999999997,0.77158,0.32152,2.03678,0.00515,0.0,0.06993,0.0,0.0,0.0,0.00836,8e-05,0.0,0.0,0.0,0.0,0.0,0.0,0.0,0.047,0.0,0.0,0.00079,0.0,0.02783,0.0043,0.0,0.02917,0.00333,0.0,0.0,0.01611,2.33617,0.03469,0.02272,0.13206,0.0,4.12714,0.0,0.0,0.0,0.0,0.00068,0.01051,33.68085,0.01414,0.0,0.0,0.0,0.0,0.0,0.0,0.02808,0.2291,0.0,0.0,0.0,0.0,0.0
CRR1012732,1,0.0,5.6177800000000016,0.95174,69.44285999999998,0.0253,0.0,0.2732,1.08091,2.89898,0.00163,1.63648,0.00786,0.47372,0.02413,0.00556,0.0,0.16722,0.00157,0.049769999999999995,0.0,0.0,0.0,0.0,0.8009200000000001,0.0,0.0,0.0,0.0,0.00483,0.017939999999999998,0.00183,0.0,0.01736,0.0,0.00437,0.02264,0.16416,0.01513,0.0,0.00204,0.10256,0.0,0.0,0.0,0.27286,1.72243,0.0,0.0,0.0,9e-05,0.02109,0.32889,0.0,0.01725,0.16309,0.0,0.00904,0.11855,0.0,0.0,0.10745,0.0,0.02429,0.0,0.0089,0.0
CRR1012734,0,0.0,1.1108200000000001,1.36763,31.193019999999997,0.0,0.0,29.565319999999996,0.37341,13.04843,0.00294,20.86103,0.00413,0.0,0.01044,0.0,0.0,0.0,0.0,0.01738,0.0,0.0,0.0,0.0,0.6557200000000001,0.0,0.0,0.0,0.25366,0.00078,0.0,0.0,0.0,0.0,0.29547,0.0,0.0,0.00084,0.0,0.0,0.0,0.0253,0.01726,0.0,0.0,0.0,0.0,0.0,0.0,0.0,0.0,0.00836,0.0,0.55469,0.0302,0.0,0.0,0.0,0.0,0.0,0.0,0.0,0.0,0.0,0.0,0.0,0.0
CRR1012735,1,0.0,19.145199999999996,1.63859,55.940650000000026,0.14795,0.0,0.05092,1.68849,0.21786000000000003,0.11489999999999999,10.426020000000001,0.00345,0.05188,0.02443,0.0,0.0,0.0,0.0,0.018430000000000002,0.14752,0.0,7.03571,0.0,0.0,0.0,0.0,0.00371,0.0,0.00784,0.0,0.0,0.01945,0.00479,0.09273999999999999,0.00242,0.0,0.0,0.0,0.0,0.0,2.9944,0.0,0.0,0.0,0.0,0.03033,0.0,0.0,0.0,0.0,0.00054,0.0,0.0,0.01775,0.0,0.0,0.0,0.0,0.0,0.0,0.0,0.0,0.0,0.0,0.0,0.0
CRR1012738,1,0.0,10.399169999999998,0.01357,58.36922000000003,0.03081,0.0105,8.703450000000002,1.79744,0.24863999999999997,2.24247,0.04432,0.00105,0.1293,0.01003,0.00165,0.0,0.0,0.0,0.06457,0.01675,1.83845,0.79927,0.0,1.65108,0.0,0.0,0.14478,0.0,0.03403,0.11691000000000001,0.00829,0.0,0.0,0.0,0.00243,0.02775,0.0,0.01384,0.0,0.01376,0.49543,0.0,0.0,0.0,1.77708,0.38134,0.0,0.03607,0.0,0.00954,0.00182,0.0,0.01695,0.07314,0.0,0.07965,0.0,0.0,0.00958,0.0,0.27845,0.44048,0.0,0.91944,0.0,0.0
CRR1012739,1,0.0,6.39993,0.00163,8.80968,0.0,0.0,46.46867,0.19065,0.0,4.00058,13.97179,0.00028,0.0,0.09078,0.0,0.0,0.17375,0.0,0.05124,0.00485,0.0,0.0,0.0,0.0,0.0,0.0,0.0,0.0,0.0,0.0,0.0,0.0,0.0,5.15589,0.0,0.0,0.0,0.0,0.0,0.0,0.0,0.27039,0.0,0.0,0.0,0.0,0.0,0.0,0.0,0.0,0.0,0.0,0.0,0.0,0.0,0.0,0.0,0.0,0.0,0.0,0.0,0.0,0.0,0.0,0.0,0.0
CRR1012741,1,0.0,1.19107,0.00101,72.63954999999997,0.01567,0.00069,1.06621,0.20679,1.57712,0.7847500000000001,8.400739999999999,0.0,0.0,0.0,0.0,0.0,0.0,0.0,0.00604,0.31032,0.0,0.0,0.0,0.0,0.0,0.0,0.0,0.0,0.0,0.0,0.0,0.11994,0.0,0.01499,0.0,0.0,0.0,0.0,0.0,0.0,0.0,0.07171,0.0,5.20154,0.0,0.0,0.0,0.0,0.0,0.0,0.0,0.0,0.14027,0.0,0.0,0.0,0.0,0.0,0.0,0.0,0.0,0.0,0.0,0.0,0.0,0.0
CRR1012743,0,0.00546,22.769610000000004,0.4758,46.5325,1.29297,0.00332,0.61485,0.09167,0.36752000000000007,1.10134,0.44227,0.0,0.0,0.02488,0.00437,0.0691,0.0,0.0,0.03515,0.0,0.0,0.2667,0.07349,0.31952,0.00455,0.0,0.0,0.0,0.03409,0.055220000000000005,0.0,0.00625,0.00299,0.20862,0.0,0.03226,0.05168,0.0,0.0,0.00922,0.01133,0.12432,0.0,0.0,0.73258,2.47556,0.0,0.0,0.00411,0.0,0.01024,3.9744,0.0,0.0,0.0,0.07782,0.0,0.0038,0.0,0.0,0.0,0.06426,0.0,0.15133,0.0,0.0
CRR1012746,1,0.0,7.13185,0.01693,44.87310999999998,0.0,0.0,1.1289,1.09737,3.40872,0.05006,34.869020000000006,0.0398,0.0,0.03394,0.0,0.0,0.0,0.0,0.52277,0.00692,0.0,0.0,0.0,0.0,0.0,0.0,0.0,0.01703,0.0,0.0,0.0,0.03161,0.0,0.44378,0.0,0.0,0.0,0.0,0.0,0.0,0.0,0.41927,0.0,0.0,0.0,0.0,0.0,0.0,0.0,0.0,0.00252,0.0,0.00035,0.0,0.0,0.0,0.0,0.0,0.0,0.0,0.0,0.0,0.0,0.0,0.0181,0.0425
CRR1012749,1,0.0,26.733769999999996,0.7068300000000001,48.25676999999999,0.2356,0.08241,1.26548,2.11834,1.67534,5.19207,0.63663,0.01653,0.0,0.00265,0.0,0.0,0.0,0.0,0.02502,0.58596,0.0,0.0,0.0,0.0,0.0,0.0,0.0,0.0,0.0,0.1778,0.0,0.01787,0.0011,0.0,0.00912,0.01616,0.0,0.01917,0.09085,0.0,0.85892,0.16367,0.0,0.0,0.0,0.11189,0.0,0.00194,0.0,0.0,0.00049,10.09084,0.0,0.0,0.0,0.0,0.0,0.0,0.0,0.0,0.0,0.0,0.0,0.0,0.0,0.0
CRR1012750,1,0.0,38.101760000000006,0.66592,25.182529999999996,0.94193,0.32071,3.2420199999999997,2.62713,0.38287,5.43052,2.63477,0.0,0.24278,0.0,0.01435,0.01072,0.01231,0.01131,0.09747,0.03151,0.0,0.0,0.94248,1.72777,0.60734,0.0,0.0,0.0,0.0,0.2536,0.0,0.0,0.0,0.0,0.00425,0.00073,0.0,0.0,0.26516,0.11026,11.11645,0.0,0.00854,0.0,0.0,0.26719,0.0,0.0,0.00046,0.01147,0.0,0.66598,0.0,0.0,0.0,0.0,0.0,0.0,0.0,0.0,0.0,0.0,0.0,0.0,0.0,0.0
CRR1012754,1,0.11753,14.74854,0.16068,29.112240000000003,0.88324,0.36543000000000003,0.044860000000000004,1.48468,0.23259,28.886609999999997,0.0,0.00164,0.0,0.0,0.00998,0.0,0.0,0.0,0.0,0.10481,2.29398,0.75126,0.78189,0.84659,0.09461,0.0105,0.0,0.0,0.0,0.03292,0.04162,0.01603,0.00794,2.21782,0.01244,0.21507,1.13297,0.0,0.0,0.04092,2.27317,0.16067,0.33542,0.0,1.78672,5.40885,0.0,0.0,0.00392,0.0,0.0,0.0,0.0,0.0,0.0,0.0,0.0,0.0,0.00812,0.0,0.0,0.0,0.0,0.0,0.0,0.0
CRR1012755,1,0.00273,1.43128,2.67726,72.58303000000001,0.16407,0.00459,0.38432999999999995,4.06439,3.21577,0.08396999999999999,0.58079,0.09633,0.0,0.39449,0.20737,0.19291,0.0385,0.0,0.31948,0.03261,0.0,0.0,0.0,0.0,0.0,0.0,0.0,0.00275,0.0,0.0,0.0,0.07349,0.0,0.0,0.0,0.0,0.0,0.0,0.0,0.0,0.0,0.0018,0.0,0.0,0.0,0.0,0.0,0.01182,0.01167,0.03763,0.05946,0.0,0.0,0.0,0.0,0.0,0.0,0.0,0.0,0.0,0.0,0.0,0.0,0.0,0.0187,0.0
CRR1012757,1,0.0,3.7836199999999995,1.93607,53.53111000000001,0.0,0.03375,1.3661499999999998,0.08135,0.72862,0.00817,9.806149999999999,0.00102,0.07857,0.0,0.0,0.0,0.5709,0.0,0.23398000000000002,0.02525,3.52168,0.0,0.50741,0.0,0.0,0.0,0.03242,0.0,0.02643,0.0,0.00037,0.00052,0.0,0.00436,0.0,0.0,1.10132,0.0,0.0,0.01639,0.0,0.0,0.0,0.0,0.0,0.8208300000000001,0.0,0.00188,0.00033,0.0,0.0,7.71961,0.0,0.0,0.0,0.36654,0.0,0.0,0.00193,0.0,0.0,0.55828,0.0,0.58654,0.0,0.0
CRR1012766,0,0.0,33.50431,0.08374,46.51979000000001,0.75754,0.0,0.2554,3.16523,1.0758999999999999,0.13434000000000001,6.80746,0.0,0.0,0.00282,0.0,0.0,0.0,0.0,0.00688,0.07733,0.0,0.0,0.0,0.0,0.0,0.0,0.0,0.0,0.0,0.0,0.0,0.1585,0.0,0.07564,0.0,0.0,0.0,0.0,0.0,0.0,0.0,0.50763,0.0,0.0,0.0,0.0,0.0,0.0,0.0,0.0,0.0,0.0,0.0,0.0,0.0,0.0,0.0,0.0,0.0,0.0,0.0,0.0,0.0,0.0,0.0,0.46221
CRR1012768,1,0.0,0.33734,3.48141,50.70242999999999,0.0,0.0,0.25894,2.13808,0.59227,0.12365,35.167500000000004,0.0,0.0,0.0,0.0,0.03322,0.0,0.0,0.0,0.0122,0.0,0.0,0.0,0.0,2.63909,0.0,0.0,0.0,0.0,0.02302,0.0,0.0,0.0,0.15492,0.0,0.01141,0.1907,0.0,0.0,0.05264,1.16478,0.00583,0.0,0.0,0.0,0.0,0.0,0.0,0.00022,0.0,0.00664,0.0,0.00221,0.0,0.0,0.0,0.0,0.0,0.10523,0.0,0.0,0.0,0.0,0.0,0.0003,0.0
CRR1090621,1,0.02641,54.62864,0.0,28.75664,0.93662,0.25138,0.6680499999999999,1.56347,4.31302,1.5015500000000002,4.3911999999999995,0.0,0.0,0.00066,0.0,0.0,0.0,0.0,0.00028,0.01502,0.0,0.0,0.0,0.0,0.0,0.0,0.0,0.00472,0.0,0.0,0.0,0.00593,0.01018,0.02896,0.0,0.0,0.0,0.0,0.0,0.0,0.0,0.14204,0.0,0.0,0.0,0.0,0.0,0.0,0.00822,0.0,0.0,0.02929,0.0,0.0,0.0,0.0,0.0,0.0,0.0,0.0,0.0,0.0,0.0,0.0,0.0,0.61536
CRR1090622,1,0.0,18.0049,0.0,60.354749999999996,4.48839,2.53378,0.27841,0.27784,0.058679999999999996,0.02524,0.07295,0.04901,0.01989,0.012709999999999999,0.0,0.0,0.0,0.0,0.02159,0.20143,0.25333,0.00847,0.00334,1.38221,0.0,0.09309,0.00565,0.08755,0.17072,0.00386,0.00414,0.04868,0.00729,0.11523,0.04287,0.17448,0.0,0.00994,0.0,0.0,0.22771,0.0,0.24359,0.00687,0.13109,4.5254,0.0,0.0,0.0,0.00282,0.0,0.05632,0.0,0.0,0.00288,0.0,0.13105,0.0,0.0,0.76306,0.00507,0.0043,0.0,0.0,0.0,0.0
CRR1090623,0,0.0,1.47767,0.89585,81.38009000000004,0.44107,0.0,5.082999999999999,0.47341,1.10655,0.61232,3.01138,0.02283,0.0,0.006410000000000001,0.0,0.0,0.0,0.0,0.01996,0.03688,0.0,0.0,0.0,0.0,0.0,0.0,0.0,0.85652,0.00845,0.0,0.0,0.37749,0.0,2.8247299999999997,0.0,0.0,0.0,0.0,0.0,0.0,0.0,1.15086,0.0,0.0,0.0,0.0093,0.0,0.0,0.0,0.0,0.0,0.0,0.02219,0.0,0.0,0.0,0.0,0.0,0.0,0.0,0.0,0.0,0.0,0.0,0.00428,0.0
CRR1090624,1,0.0,1.0248299999999997,11.68302,68.52546,0.00647,0.0,0.6609699999999998,0.56726,3.2789200000000003,0.08411000000000002,12.75984,0.01253,0.0,0.08614000000000001,0.0,0.0,0.27705,0.0,0.13764,0.0,0.00379,0.01601,0.0,0.00406,0.0,0.0,0.0,0.0,0.0,0.0,0.0,0.00382,0.0,0.0,0.01505,0.0,0.0,0.0,0.0,0.0,0.0,0.10658,0.0,0.03143,0.0,0.02587,0.00079,0.0,0.0,0.01354,0.00465,0.0,0.01557,0.0,0.0,0.0,0.0,0.0,0.0,0.00033,0.0,0.0,0.0,0.0,0.00176,0.0
CRR1090627,0,0.0,28.114629999999995,2.86282,42.21789999999998,0.0,0.06023,3.35086,0.34754,0.07117,0.47961000000000004,5.21249,0.00366,0.1503,0.00283,0.0,0.0,0.0,0.0,0.04132,0.09988,0.0,0.0,0.05113,0.0,0.0,0.0,0.0,0.01959,0.0,0.00027,0.0,0.04542,0.0,11.518930000000001,0.07048,0.0,0.21657,0.0,0.0,0.05694,1.20462,0.0,0.1162,0.0,0.0,0.61647,0.0,0.0,0.00014,0.0,0.00618,0.0,0.01533,0.0,0.03032,0.0,0.0,0.0,0.0,0.0,0.0,0.0,0.0,0.0,0.00064,0.0
CRR1090628,0,0.00134,36.493100000000005,0.6134700000000001,30.69335999999999,0.0,0.47807,5.38462,0.30238,1.49142,0.16719,0.06615,0.0033,0.0,0.01563,0.01061,0.0,0.0,0.0,0.02602,0.47387999999999997,0.6730700000000001,0.07549,0.9925,0.31003,0.0,0.0,0.0,0.00909,0.06488000000000001,0.0,0.01214,0.0,0.00018,0.14859,0.00653,0.06034,0.87964,0.0,0.0,0.00277,1.71532,0.12479,0.25157,0.0,0.97388,0.06257,0.0,0.0,0.0,0.00409,0.01584,0.03932,0.05304,0.03894,0.03673,0.01018,0.05297,0.0,0.0,0.24423,0.04645,0.01499,0.00071,0.20283,0.0,0.0
CRR1090629,0,1.65102,22.9085,0.00268,28.561120000000003,0.0,0.0,12.619500000000002,0.31386000000000003,3.79547,4.54115,0.21582,0.0078,0.0,0.02147,0.0,0.0,0.0,0.0,0.04807,0.0,0.0,0.0,0.0,0.0,0.0,0.0,0.0,0.0,0.0,0.0,0.0,0.0,0.0,21.28137,0.0,0.0,0.0,0.0,0.0,0.0,0.0,0.0,0.0,0.0,0.0,0.0,0.0,0.0,0.0,0.0,0.0,0.0,0.0103,0.0,0.0,0.0,0.0,0.0,0.0,0.0,0.0,0.0,0.0,0.0,0.0,0.17139
CRR1090630,0,0.0,25.802559999999996,0.45288,35.321509999999996,8.26281,0.34193,0.12401999999999999,0.89518,1.34261,12.06701,2.34236,0.0,0.0,0.0,0.0,0.0,0.0,0.0,0.00292,0.0,0.0,0.0,0.0,0.0,0.0,0.0,0.0,0.0,0.0,0.0,0.0,0.0,0.03377,1.16575,0.0,0.0,0.0,0.0,0.0,0.0,0.0,0.2203,0.04145,0.0,0.0,0.0,0.0,0.0,0.0,0.0,0.0,0.0,0.0,0.0,0.0,0.0,0.0,0.0,0.0,0.0,0.0,0.0,0.0,0.0,0.0,0.01174
CRR1090631,0,0.01098,31.514310000000002,0.0,50.083420000000004,6.17079,0.44945,0.16863,0.02433,0.10394999999999999,0.07409,1.94641,0.0015,0.0,0.0,0.0,0.0,0.64971,0.0,0.0,0.60604,0.02739,0.0,0.0,0.0,0.0,0.0,0.0,0.0,0.16273,0.0,0.0,0.03115,0.0,0.22053,0.0,0.0,0.0,0.0,0.0,0.0,0.51645,0.16354,0.0,0.0,0.0,0.0,0.0,0.0,0.0,0.0,0.0,5.44747,0.00021,0.0,0.0,0.0,0.0,0.0,0.0,0.0,0.0,0.0,0.0,0.0,0.0,0.0
CRR1090632,0,0.0,12.001229999999998,7.27041,44.25809,2.94957,0.20743,0.3875,0.0969,0.92702,1.47444,2.18718,0.01264,0.0,0.05663,0.0,0.0,0.0,0.0,0.02471,0.22074,0.0,0.0,0.0,0.0,0.0,0.0,0.0,0.0,0.0,0.0,0.0,0.05462,0.0,0.13438,0.0,0.0,0.0,0.0,0.0,0.0,0.0,0.03069,0.0,4.67118,0.0,0.0,0.0,0.0,0.0,0.018,0.0,0.0,0.00051,0.0,0.0,0.0,0.0,0.0,0.0,0.0,0.0,0.0,0.0,0.0,0.0,0.00321
CRR1090634,0,0.0,39.4399,0.04295,28.691769999999998,0.0,0.2434,1.425,0.37871,0.24136000000000002,0.89483,0.042910000000000004,0.00354,0.0,0.00412,0.0,0.0,0.0,0.0,0.0,1.19424,0.68429,0.0,0.34697,1.06206,0.0,0.08749,0.0,0.08789,0.00645,0.01105,0.07113,0.01018,0.0,0.22826,0.01969,0.01174,0.33615,0.03073,0.0,0.00886,0.23499,0.0,0.0075,0.0,0.0,0.05024,0.0,0.0,0.0,0.0,0.0,2.27301,0.00262,0.0,0.0,0.0,0.0,0.0,0.0,0.06465,0.0,0.06176,0.0,0.0,0.0,0.0
CRR1090637,0,0.0,27.321619999999996,4.58358,65.10319,0.07387,0.80821,0.32906,0.18899,0.29208999999999996,0.0,0.00228,0.0,0.0,0.08076,0.0,0.0,0.0,0.0,0.26953,0.0,0.0,0.0,0.0,0.0,0.0,0.0,0.0,0.0,0.0,0.0,0.0,0.0,0.0,0.010360000000000001,0.0,0.0,0.0,0.0,0.0,0.0,0.0,0.38615,0.0,0.0,0.0,0.0,0.0,0.0,0.0,0.37017,0.0,0.0,0.01193,0.0,0.0,0.0,0.0,0.0,0.0,0.0,0.0,0.0,0.0,0.0,0.0,0.0
CRR1090639,0,0.0,12.132739999999997,0.18009999999999998,27.083509999999997,0.0,0.03177,0.13158,0.32871999999999996,0.0494,44.15265,0.01696,0.00916,0.0,0.012979999999999998,0.0,0.00086,0.0,0.0,0.10994000000000001,0.02413,0.0,0.0,0.0,0.0,0.03294,0.0,0.0,0.0,0.00018,0.0,0.05169,0.01438,0.01342,0.02531,0.00306,0.02957,0.02407,0.0,0.00378,0.03484,0.0,0.02068,0.25107999999999997,0.0,0.0,0.08191,0.0,0.0,0.00148,0.0,0.0,0.83944,0.01851,0.0,0.0,0.0,0.0,0.0,0.00535,0.0,0.0,0.0,0.0,0.0,0.00673,0.0
CRR1090646,1,0.02066,7.72712,0.14469,7.298409999999998,0.0,0.06174,0.00148,0.5892400000000001,0.0,34.88489,2.8588999999999998,0.0,0.0,0.0,0.03853,0.0,0.0,0.0,0.00171,0.26629,0.0,0.0,0.0,0.0,0.0,0.01564,0.01792,0.0,0.0,0.01524,0.0007,0.05062,0.0,0.23775,0.00745,0.0,0.0,0.0,0.0,0.0,30.253,0.31704,0.0,0.0,0.0,1.02344,0.0,0.0,0.0,0.0,0.0,12.20161,0.0,0.0,0.0,0.0,0.00186,0.0,0.0,0.0,0.0,0.0,0.0,0.0,0.0,0.0
CRR1090650,0,0.00045,18.417959999999997,0.06475,70.51516000000001,1.10421,0.18317,0.32266,0.12801,0.06977,1.00313,0.49015,0.00037,0.0,0.00273,0.0,0.0,0.0,0.0,0.00754,1.03913,0.0,0.0,0.0,0.1825,0.0,0.0,0.0,0.00671,0.21004,0.16302,0.0,0.16279,0.0,1.7966900000000001,0.0,0.0,0.0,0.0,0.0,0.02256,0.14361,0.09392,0.43889,0.0168,0.0,1.64475,0.0,0.00121,0.0,0.0,0.0,0.0,0.0,0.0,0.0,0.0,0.0,0.0,0.0,0.0,0.0,0.0,0.0,0.0,0.0,0.0
CRR1090652,1,0.0,38.093259999999994,0.02817,41.82933000000001,3.28542,0.32989,0.16688,1.36374,0.45569000000000004,0.00588,0.63209,0.0,0.0,0.03705,0.01598,0.0,0.0,0.0,0.00812,0.53204,0.0,0.0,0.0,0.0,0.0,0.21285,0.0,0.0,0.0,0.15092000000000003,0.0,0.11273,0.0,0.00195,0.03483,0.0,0.0,0.02606,0.23537,0.2405,8.16919,0.21726,0.09445,0.21102,0.0,0.0,0.0,0.0,0.0,0.01011,0.0,0.0,0.0,0.0,0.0,0.0,0.0,0.0,0.0,0.36658,0.0,0.0,0.0,0.0,0.0,0.0
CRR1090653,0,0.0,14.92041,9.16468,35.10472000000001,1.12565,0.18587,0.04973,1.04051,0.18115,0.18949,20.89809,0.00199,0.0,0.01507,0.0,0.0,0.0,0.0,0.08549,2.1897,0.0,5.60258,0.0,0.0,0.0,0.0,0.0,0.00312,0.0,0.00619,0.0,0.02757,0.0,5.16326,0.01293,0.0,0.0,0.0,0.0,0.0,0.0,0.16834,0.0,0.00788,0.0,0.0,0.0,0.01202,0.0,0.0,0.0,0.0,0.00501,0.0,0.0,0.0,0.0,0.0,0.0,0.0,0.0,0.0,0.0,0.0,0.0017,0.0
CRR1090654,0,0.01436,33.25336,2.8038799999999995,34.20274,0.00492,0.01296,2.89304,0.16434,0.30417999999999995,1.31297,1.8633000000000002,0.00075,0.0,0.00904,0.0,0.0,0.0,0.0,0.01758,0.28177,0.86654,1.25849,0.0,0.0,0.0,0.0,0.0,0.0,0.00786,0.0,0.00537,0.0,0.0,0.54413,0.00765,0.0,0.37752,0.0,0.0,0.0,0.0,0.01593,0.0,0.0,0.33518,0.03586,0.0,0.0,0.0,0.0,0.00194,0.00439,0.04934,0.04873,0.00822,0.02083,0.0,0.00327,0.0,0.0,0.0,0.0405,0.0,0.12424,0.0,0.0
CRR1090655,1,0.0,21.41427,0.46736,23.053180000000008,0.71829,0.48143,0.02717,0.32181,0.037000000000000005,0.05856,0.10683000000000001,0.0,0.01932,0.01829,0.00214,0.0,0.0,0.0,0.01313,0.096,0.16852,1.9322,0.19697,0.10513000000000002,0.00601,0.08673,0.01033,0.00559,0.04061,0.01729,0.0,0.0,0.01385,5.42018,0.00539,0.00747,0.02465,0.07281,0.0,0.0,0.0,0.0,0.01268,0.00069,0.64681,2.79759,0.0,0.00231,0.00022,5e-05,0.0,13.84553,0.00035,0.00253,0.10589,0.0,0.00887,0.06568,0.0,0.35821,0.04203,0.12012,0.01102,0.13851,0.0,0.0
CRR1090657,1,0.0,14.40925,0.33377,42.11511000000001,0.0,2.63745,0.18821000000000002,1.6671,0.15825,0.15434,31.77723,0.15722,0.0,0.26777,0.0,0.0,0.0,0.0,0.12304000000000001,1.69577,0.0,0.0,0.0,0.04248,0.0,0.2598,0.0,0.0,0.04121,0.00545,0.07552,0.03583,0.04798,0.11384,0.03764,0.0,0.0,0.0,0.0,0.12277,0.0,0.22736,0.0,0.11105,0.0,1.48037,0.0,0.00394,0.0,0.02756,0.0,0.0,0.01111,0.0,0.0,0.0,0.0,0.0,0.0,0.0,0.0,0.0,0.0,0.0,0.0,0.0
CRR1090658,1,0.0,26.780009999999997,2.6000400000000004,44.26052000000001,1.0186,0.97256,9.17842,0.20503,0.27553,0.90811,6.731,0.00526,0.0,0.62814,0.0,0.0,1.59576,0.0,0.7369300000000001,0.0,0.0,0.0,0.0,0.0,0.0,0.0,0.0,0.0,0.0,0.0,0.0,0.12089,0.0,2.15475,0.0,0.0,0.0,0.0,0.0,0.0,0.0,0.15718,0.0,0.0,0.0,0.0,0.0,0.0004,0.0,0.05425,0.006149999999999999,0.0,0.01301,0.0,0.0,0.0,0.0,0.0,0.0,0.0,0.0,0.0,0.0,0.0,0.0,0.00816
CRR1090659,0,0.0005,51.92050999999999,0.16474,35.41284999999999,3.15879,0.2751,0.42677999999999994,0.05629000000000001,0.18292,0.2148,1.87567,0.0,0.0,0.0,0.0,0.0,0.0,0.0,0.00076,2.69787,0.0,0.0824,0.0,0.03866,0.0,0.0,0.0,0.82836,0.0,0.0,0.0,0.18714,0.0,2.03729,0.0,0.0,0.03861,0.0,0.0,0.00766,0.0,0.08114,0.0,0.0,0.0,0.0,0.0,0.0,0.0,0.0,0.0,0.0,0.0,0.0,0.0,0.0,0.0,0.0,0.0,0.0,0.00233,0.0,0.0,0.0,0.0,0.0
CRR1090660,1,0.0,20.256339999999998,0.00455,75.97183000000005,0.84576,0.13775,0.13113,0.16266,0.17631,0.04062,0.0,0.00015,0.0,0.0,0.0,0.0,0.0,0.0,0.0,0.0,0.0,0.0,0.0,0.26458,0.0,0.0,0.0,0.00268,0.0,0.0,0.00508,0.03359,0.0,0.01046,0.06923,0.0,0.0,0.0,0.0,0.19523,0.15444,0.24299,0.0,0.0,0.0,0.0,0.0,0.0,0.0,0.0,0.0,0.0,0.00276,0.0,0.0,0.0,0.0,0.0,0.0,0.0,0.0,0.0,0.0,0.0,0.0,0.0
CRR1090662,0,0.0,34.31679,0.26252,49.47862000000003,2.41098,0.20839,0.37637000000000004,0.14724,0.09003,0.00306,1.11044,0.0,0.0,0.0,0.0,0.0,0.0,0.0,0.00631,0.55482,0.0,1.01028,0.0,0.0,0.0,0.0,0.0,0.02333,0.00773,0.0,0.01588,0.15078,0.01217,0.0744,0.02635,0.0,0.0,0.0,0.0,0.0,0.25305,0.18984,0.0,0.05662,0.0,0.00333,0.0,0.0,0.0,0.0,0.0,7.93168,0.00071,0.0,0.0,0.0,0.0,0.0,0.0,0.0,0.0,0.0,0.0,0.0,0.0,0.0
CRR1090664,1,0.0,43.327000000000005,0.0,22.952809999999996,3.71627,1.34848,0.03986,0.18758999999999998,0.03191,0.01836,1.2797800000000001,0.00761,0.02135,0.02276,0.03667,0.0,0.14726,0.0,0.00341,0.54425,0.0,0.0,0.0,0.0,0.0,0.11247,0.0,0.0,0.04205,0.04811,0.05633,0.0,0.03924,0.066,0.01613,0.0,0.0,0.0,0.0,0.08845,0.51849,0.0,0.0,0.0,0.0,1.38708,0.0,0.0,0.00145,0.01811,0.0,19.4916,0.0,0.0,0.0,0.0,0.0,0.0,0.0,0.0,0.0,0.0,0.0,0.0,0.00179,0.0
CRR1090666,1,0.0,17.818179999999995,0.5365,43.16304000000001,0.0,0.10145,0.8178899999999999,0.76271,0.04966,0.01506,0.71528,0.0,0.0,0.0,0.0,0.0,0.00257,0.0,0.0,0.59557,0.17102,0.40964,0.0,0.5982500000000001,0.0,0.0,0.02889,0.06585,0.01731,0.0,0.00147,0.0,0.00132,0.20667999999999997,0.00197,0.0,0.00745,0.0,0.0,0.0,2.38329,0.04538,0.0,0.07873,0.17919,1.6099400000000001,0.0,0.0,0.0,0.0,0.0,4.94989,0.00469,0.02295,0.00525,0.02246,0.0248,0.0,0.0,0.01281,0.00031,0.0,0.03485,0.0,0.0,0.0
CRR1090671,1,0.0,48.575860000000006,0.01091,34.64859999999999,1.72125,0.62552,0.5116499999999999,0.60473,0.3890700000000001,0.02864,0.05352,0.0,0.0,0.09417,0.0,0.0,0.0,0.0,0.05367999999999999,9.32332,0.0,0.95755,0.0,0.0,0.0,0.0,0.0,0.0,0.0,0.0,0.07347,0.0,0.0,0.008480000000000001,0.0,0.0,0.0,0.0,0.0,0.03459,1.3018,0.09968,0.0,0.09535,0.0,0.0,0.0,0.0,0.00096,0.0,0.0,0.00476,0.0,0.0,0.0,0.0,0.0,0.0,0.0,0.0,0.0,0.0,0.0,0.0,0.0,0.0
CRR1090672,1,0.0,58.099500000000006,0.00102,35.081110000000024,0.02024,0.30624,0.00497,0.06935,0.37422,0.35087,0.6621,0.00533,0.0,0.01476,0.0,0.0,0.0,0.0,0.03437,0.80002,0.0,0.548,0.0,0.0,0.0,0.00416,0.0,0.0,0.02401,0.00676,0.02637,0.00035,0.01571,0.5157700000000001,0.04435,0.0,0.0,0.0,0.0,0.00378,0.0,0.07561,0.03828,0.08613,0.0,0.00339,0.0,0.0,0.0,0.0,0.0,0.33387,0.0,0.0,0.00761,0.0,0.0,0.0,0.0,0.0,0.0,0.0,0.0,0.0,0.0,0.0
CRR1090673,1,0.0,75.16819999999998,0.03937,17.076830000000005,1.44114,0.27849,0.0,0.04136,0.1459,0.25098,0.14311000000000001,0.0,0.0,0.0,0.0,0.0,3.82674,0.0,0.0,0.03293,0.0,0.0,0.0,0.0,0.0,0.0,0.0,0.0,0.0,0.01558,0.0,0.03244,0.01583,0.0,0.03387,0.0,0.0,0.0,0.0,0.0,0.0,0.07727,0.0,0.00666,0.0,0.0,0.0,0.0,0.0,0.0,0.0,0.00195,0.0,0.0,0.0,0.0,0.01247,0.0,0.0,0.0,0.0,0.0,0.0,0.0,0.0,0.0
CRR1090675,0,0.0,49.97092999999999,0.00352,32.464199999999984,4.14397,0.14428,0.00033,0.25954,0.05688,0.04369,7.10533,0.00192,0.0,0.00408,0.00119,0.0,0.0,0.0,0.0,0.29645,0.0,0.0,0.0,0.49679999999999996,0.0,0.29358,0.0,0.0,0.01472,0.01139,0.00522,0.00787,0.0,0.00802,0.02012,0.0298,0.0,0.0,0.0,0.0,0.0,0.34465,0.0,0.00148,0.0,0.43013,0.0,0.0,0.00147,0.0,0.0,0.0,0.0,0.0,0.0,0.0,0.0,0.0,0.0,0.0,0.21734,0.0,0.02651,0.0,0.0,0.0
CRR1090678,0,0.0,6.56244,0.60313,86.98119999999999,0.03185,0.001,0.50334,2.7482100000000003,0.5298700000000001,0.01704,0.0,0.01333,0.05688,0.20394000000000004,0.0,0.0,0.0,0.0,0.0374,0.00942,0.0,0.0,0.0,0.06725,0.0,0.0,0.0,0.0,0.0,0.0,0.00987,0.0108,0.0,0.00015,0.00514,0.0,0.0,0.0,0.0,0.01612,0.1375,0.0,0.00403,0.1173,0.0,0.07704,0.0,0.0,0.0,0.0,0.00091,0.30108,0.0,0.0,0.0,0.0,0.0,0.0,0.0,0.0,0.0,0.0,0.0,0.0,0.0,0.0
CRR1090683,1,0.00425,66.66408,0.22268,27.75001000000001,2.35809,0.26338,0.00106,0.037059999999999996,0.61389,0.02172,0.0,0.01005,0.0,0.0,0.0,0.0,0.0,0.0,0.0,0.0,0.0,0.0,0.0,0.0,0.0,0.0,0.0,0.0,0.0,0.0,0.0,0.0,0.0,0.00148,0.0381,0.0,0.0,0.0,0.0,0.05818,0.08293,0.02292,0.0,0.0,0.0,0.0,0.0,0.0,0.0,0.0,0.0,0.0,0.0,0.0,0.0,0.0,0.0,0.0,0.0,0.0,0.0,0.0,0.0,0.0,0.0,0.0
CRR1090684,1,0.0,16.85684,0.17039,49.03277999999999,0.98775,0.1375,1.34432,0.57584,0.10617000000000001,24.78235,0.66848,0.00375,0.02018,0.0178,0.0,0.0,0.0,0.0,0.00498,0.09922,0.0,0.0,0.0,0.0,0.0,0.0,0.0,0.00725,0.01438,0.0,0.0,0.08456,0.00683,0.00861,0.00133,0.0,0.0,0.0,0.0,0.0,0.0,0.0,0.0,0.0,0.0,0.07043,0.00771,0.0,0.0,0.0,0.0,0.00035,0.04565,0.05334,0.0,0.0,0.0,0.0,0.0,0.0,0.0,0.0,0.0,0.00293,0.0,0.0
CRR1090688,1,0.0,50.53159,0.80562,2.7397799999999997,0.0,0.0,19.07926,0.00743,0.0,0.67534,2.24271,0.0,0.0,0.0,0.0,0.0,0.32448,0.0,0.0,1.67477,0.0,0.0,0.0,0.0,0.0,0.0,0.0,0.00782,0.0,0.0,0.0,0.0,0.0,8.01581,0.0,0.0,0.0,0.0,0.0,0.0,0.0,0.0,0.0,0.0,0.0,0.0,0.0,0.0,0.0,0.0,0.0,0.0,0.0,0.0,0.0,0.0,0.0,0.0,0.0,0.0,0.0,0.0,0.0,0.0,0.0,0.0
CRR1090693,1,1.33587,28.71094,0.18049,28.83849,3.91267,0.16847,17.67831,0.35187,3.64854,2.31063,2.09615,0.00081,0.0,0.0,0.0,0.0,0.0,0.0,0.01806,0.00389,0.0,0.0,0.0,0.0,0.0,0.0,0.0,0.0,0.0,0.03896,0.00197,0.01536,0.0,2.4972700000000003,0.04398,0.0,0.0,0.0,0.0,0.00126,3.35565,0.04029,0.0,0.0,0.0,0.0,0.0,0.00568,0.0,0.0,0.0,0.0,0.00541,0.0,0.0,0.0,0.0,0.0,0.0,0.0,0.0,0.0,0.0,0.0,0.0,0.0
CRR1090694,1,0.0,23.075080000000003,0.43581,25.107310000000002,0.00818,1.84242,0.00228,0.43742,0.08750999999999999,0.034390000000000004,2.79458,0.00663,0.0,0.01089,0.0,0.0,0.14618,0.0,0.00713,0.037540000000000004,0.11205,0.0,0.0,0.63833,0.0,0.22673,0.0,0.0,0.0,0.0,0.14096,0.02569,0.0,0.01531,0.0746,0.09441,0.0,0.0,0.02111,0.10554,20.0046,0.17548,0.23088,0.02024,0.0,4.54238,0.0,0.0,0.0017,0.0,0.0,17.9818,0.04004,0.0,0.0,0.0,0.0,0.0,0.00281,0.27634,0.0,0.0,0.0,0.0,0.0,0.0
CRR1090697,1,0.0,5.307459999999999,7.5632,47.111529999999995,0.30208,0.06317,16.236030000000003,0.5745,1.22869,2.4587,3.24938,0.0,0.0,0.01851,0.03106,0.0,1.53453,0.0,0.20947,0.14582,0.0,3.11626,0.0,0.0,0.0,0.0,0.0,0.0,0.0,0.0,0.0,0.12582,0.0,0.64534,0.0,0.0,0.00058,0.0,0.0,0.0,4.44323,0.0096,0.12889,0.0,0.0,0.01867,0.0,0.0,0.0,0.0,0.00131,0.0,0.07654,0.0,0.0,0.0,0.0,0.0,0.0,0.0,0.0,0.0,0.0,0.0,0.0,0.0
CRR1090699,1,0.00481,4.252109999999999,1.34842,63.77559999999997,0.1245,0.224,0.7725200000000001,0.6353,3.60198,13.55363,0.10647999999999999,0.04141,0.09628,0.024650000000000002,0.00317,0.01994,0.0,0.0086,0.08053,0.02726,0.0,0.0,0.0,0.12168,0.0,0.0,0.0,0.0,0.06051,0.01204,0.0,0.01107,0.0,0.21431,0.0,0.0,0.0,0.00708,0.0,0.0,0.29948,0.0,0.0,0.0,0.35177,0.59527,0.0,0.0,0.0,0.00091,0.0,0.02727,0.00505,0.00824,0.02629,0.08329,0.02123,0.0,0.0,0.0,0.0,0.63537,0.0,0.37251,0.00708,0.0
CRR1090702,1,0.0,11.242870000000002,0.90458,40.718590000000006,0.16815,0.07679,0.26854999999999996,0.35424,1.31847,0.02423,5.52447,0.0,0.0,0.0,0.00034,0.03207,12.46755,0.0,0.01982,0.07919000000000001,0.53995,0.0,0.0,0.0,0.0,0.0,0.06105,0.0,0.00064,0.00859,0.00588,0.01443,0.09104,0.16061999999999999,0.0,0.08707,1.07456,0.0,0.0,0.0194,4.08392,0.04621,0.01374,0.0,0.0,0.09551,0.0,0.0,0.00137,0.0,0.0,11.92335,0.0,0.01194,0.0,0.0,0.0,0.0,0.01491,0.01405,0.0069,0.00435,0.0,0.0,0.00113,0.0
CRR1090703,0,0.01302,2.2979100000000003,0.48561,25.49167,0.12176,0.36491,0.60944,0.41633,2.2974,0.55944,0.0193,0.07561,0.0,0.26704,0.0,0.0,0.0,0.0,0.10431,0.07084,0.0,0.0,0.0,0.0,0.0,0.0,0.0,0.0,0.0,0.0,0.0,0.02582,0.0,0.00358,0.00827,0.0,0.0,0.0,0.0,0.02138,0.0,0.00771,0.0,0.11776,0.0,0.0,0.0,0.0082,0.0,0.0,0.00873,0.0,0.04175,0.0,0.0,0.0,0.0,0.0,0.0,0.0,0.0,0.0,0.0,0.0,0.0,0.0
CRR1090704,0,0.0,5.508830000000001,0.6724899999999999,35.54688999999997,0.27637,0.01875,0.45027000000000006,0.9592499999999999,0.7297899999999999,1.4278199999999999,0.2575,0.01944,0.0,0.011099999999999999,0.00349,0.0,0.0,0.02819,0.02787,0.22965,0.90338,1.73208,0.07399,3.2294,0.03418,0.0,0.10578,0.00289,0.12542,0.036680000000000004,0.00031,0.03485,0.00848,0.75958,0.0,0.0594,0.24617,0.00245,0.00011,0.05182,0.25473,0.06842,0.04846,0.0,0.02495,0.54654,0.0,0.0,0.0,0.0,0.0,0.38065,0.0,0.03652,0.05566,0.0,0.0,0.08192,0.02089,0.02039,0.12738,1.14674,0.0,0.0,0.0,0.0
CRR1090707,1,0.00422,34.84513,1.97128,38.57606,0.0,0.00434,0.17751999999999998,0.7872999999999999,0.45855,2.31961,0.08274999999999999,0.00091,0.0,0.007730000000000001,0.00483,0.00928,0.0,0.0,0.01581,0.08535000000000001,3.04815,0.0,0.80403,3.04461,0.0,0.0,0.0,0.0053,0.0,0.024030000000000003,0.0,0.0,0.0,0.00177,0.0083,0.00683,0.36883,0.0,0.0,0.0,0.02223,0.03409,0.0,0.08834,0.0,0.06,0.33859,0.0,0.0,0.0,0.00666,5.26346,0.01444,0.01069,0.00903,0.0,0.0,0.01992,0.0,0.38903,0.0,0.0,0.0,0.0,0.00416,0.0
CRR1090709,1,0.0,2.4477599999999997,1.46704,55.02597999999999,0.0,0.00604,1.34946,0.12093,2.01972,25.79948,2.6699,0.01357,0.02764,0.00166,0.0,0.0,0.0,0.0,0.02995,0.30785,0.31205,0.0,0.0,0.38168,0.0,0.0,0.0,0.85247,0.00259,0.0,0.0,0.0,0.00064,0.03621,0.00343,0.00505,0.06483,0.0,0.0,0.0,0.00086,0.0,0.0,0.0,0.01546,0.35242,0.0,0.0,0.0,0.0,0.01954,1.29745,0.0415,0.0,0.05238,0.04007,0.0,0.01239,0.0,0.0,0.0,0.0,0.0,0.03562,0.00949,0.0
CRR1090712,0,0.0,5.91635,0.0,19.877860000000002,0.0,0.0,0.71197,3.0780999999999996,2.7191099999999997,4.7217899999999995,23.98475,0.0,0.0,0.14197,0.0,0.0,0.0,0.0,0.01899,0.0,0.0,0.0,0.0,0.0,0.0,0.0,0.0,0.0,0.0,0.0,0.0,0.09603,0.0,4.07989,0.0,0.0,0.0,0.0,0.0,0.0,28.09676,0.31121,0.0,0.0,0.0,0.0,0.0,0.0,0.0,0.0,0.0,0.0,0.0,0.0,0.0,0.0,0.0,0.0,0.0,0.0,0.0,0.0,0.0,0.0,0.0,0.0
CRR1090716,1,0.0,6.567730000000001,0.0,68.26342,0.19883,0.15829,11.182630000000001,1.84488,1.12085,0.53487,0.0,0.01649,0.0,0.12878,0.0,0.0,0.0,0.0,0.08991,0.01234,0.0,0.0,0.0,0.0,0.0,0.0,0.0,0.0,0.0,0.0,0.0,0.0,0.0,0.00938,0.0,0.0,0.0,0.0,0.0,0.0,0.28842,0.07216,0.0,0.68251,0.0,0.0,0.0,0.0,0.0,0.0055,0.0516,0.0,0.09071,0.0,0.0,0.0,0.01951,0.0,0.0,0.0,0.0,0.0,0.0,0.0,0.0,2.86201
CRR1090718,1,0.0,3.7433499999999995,0.04156,76.80889999999998,0.03021,0.0,0.5400799999999999,1.04535,1.61042,4.896129999999999,9.92403,0.00212,0.0,0.16401,0.0,0.0,0.00889,0.0,0.29019,0.0,0.0,0.0,0.0,0.0,0.0,0.0,0.0,0.01059,0.0,0.0,0.0,0.0,0.0,0.05484,0.02228,0.0,0.0,0.0,0.0,0.0,0.0,0.00312,0.0,0.49314,0.0,0.0,0.0,0.0,0.0,0.0,0.00044,0.0,0.01666,0.0,0.0,0.0,0.0,0.0,0.0,0.0,0.0,0.0,0.0,0.0,0.00812,0.0
CRR1090720,1,0.0,15.774970000000001,1.43295,58.08210000000002,0.0,0.0,0.61789,0.31806999999999996,0.49473,0.68502,3.46166,0.0,0.0,0.00776,0.0,0.0,0.0,0.0,0.03519,0.0,0.0,0.0,0.0,0.86174,0.0,0.00651,0.0,0.0,0.01106,0.0,0.0,0.0,0.0,1.14496,0.00263,0.0,0.0,0.0,0.0,0.0,0.40892,0.0623,0.0,0.45352,0.0,0.03364,0.0,0.00672,0.0,0.0,0.0,8.31228,0.0,0.0,0.0,0.0,0.0,0.0,0.0,3.88017,0.0,0.0,0.0,0.0,0.0,0.0
CRR1090729,0,0.0,78.48656000000003,0.17725,11.538050000000002,0.0,0.00776,0.05805000000000001,0.0052,1.25925,1.76222,0.40486,0.0,0.0,0.02084,0.0,0.0,0.0,0.0,0.00567,0.0642,0.0,0.0,0.0,0.0,0.0,0.0,0.0,0.0,0.03004,0.0,0.0,0.00049,0.0,0.0008,0.01614,0.0,0.0,0.0,0.0,0.0,0.00197,0.01331,0.00089,0.0,0.0,0.0,0.0,0.0,0.0,0.0,0.0,1.83595,0.0,0.0,0.0,0.0,0.0,0.0,0.0,0.0,0.0,0.0,0.0,0.0,0.0,0.0
CRR1090730,0,0.0,9.987089999999998,0.0,49.23713,0.04091,0.04265,2.0728400000000002,0.8153600000000001,0.8157099999999999,0.33604,2.1405299999999996,0.03261,0.0,0.03659,0.0,0.0,0.0,0.0,0.036410000000000005,0.01695,0.0,0.0,0.0,0.0,0.0,0.0,0.0,0.0,0.0,0.0,0.0,0.0,0.0,0.00197,0.0,0.0,0.0,0.0,0.0,2.20074,22.85857,0.05104,0.0,0.0,0.0,0.0,0.0,0.0,0.0,0.0203,0.00852,7.84027,0.03777,0.0,0.0,0.0,0.0,0.0,0.0,0.0,0.0,0.0,0.0,0.0,0.00129,0.0
CRR1090737,0,0.0,1.56101,0.0,95.18293,0.09993,0.0,0.50658,0.56254,0.63137,0.14567000000000002,0.01263,0.0,0.0,0.00466,0.0,0.0,0.0,0.0,0.02458,0.03419,0.0,0.99056,0.0,0.0,0.0,0.0,0.0,0.0,0.0,0.0,0.0,0.00807,0.0,0.0,0.0,0.0,0.0,0.0,0.0,0.0,0.0,0.06073,0.0,0.13967,0.0,0.0,0.0,0.0,0.0,0.0,0.00134,0.0,0.01341,0.0,0.0,0.0,0.0,0.0,0.0,0.0,0.0,0.0,0.0,0.0,0.0,0.0
CRR1090738,0,0.0,10.945960000000001,0.9301999999999999,52.05066000000001,0.0,0.0,0.24466999999999997,9.61301,0.9232400000000001,0.38122,2.54353,0.01112,0.0,0.05511,0.00209,0.0,0.0,0.0,0.04662,0.16182,0.0,2.73136,0.0,0.43674,0.0,0.01362,0.0,0.0,0.05662,0.00798,0.01547,0.0428,0.0,3.31079,0.02259,0.0,0.0,0.0,0.09632,0.00295,0.0,0.23591,0.0,0.29044,0.0,2.28676,0.0,0.0,0.0,0.0,0.0,0.0,0.0,0.0,0.0,0.0,0.0,0.0,0.0,0.24459,0.0,0.0,0.0,0.0,0.0,0.0
CRR1090739,1,0.0,35.80059000000001,0.14491,54.03562000000001,0.05013,0.00151,0.33146,0.14452,0.14881,8.457609999999999,0.059629999999999996,0.0,0.0,0.0,0.0,0.0,0.0,0.0,0.0062,0.0,0.0,0.0,0.0,0.0,0.0,0.0,0.0,0.0,0.0,0.0,0.0,0.01404,0.0,0.02793,0.00362,0.0,0.0,0.0,0.0,0.0,0.0,0.00151,0.0,0.0,0.0,0.0,0.0,0.0,0.0,0.0,0.0,0.0,0.0,0.0,0.0,0.0,0.0,0.0,0.0,0.0,0.0,0.0,0.0,0.0,0.0,0.0
CRR1090740,1,0.20645,10.554480000000002,1.26016,74.09772999999998,0.0673,0.03747,0.25437000000000004,0.35692999999999997,2.22246,0.21816,2.16113,0.0,0.0,0.00201,0.00495,0.0,0.0,0.0837,0.00838,0.11195,0.0,0.0,0.0,0.0,0.0,0.01576,0.0,0.0,0.0,0.08493,0.0,0.00875,0.01632,0.05524,0.00496,0.0,0.0,0.0,0.02067,0.02029,0.0,0.1216,0.0,0.59594,0.0,6.22725,0.0,0.0047,0.0,0.0,0.0,0.0,0.0147,0.0,0.0,0.0,0.0,0.0,0.0,0.0,0.0,0.0,0.0,0.0,0.0,0.0
CRR1090742,1,0.0,12.342659999999999,2.3293699999999995,48.439149999999984,0.0,0.01148,12.06723,2.41224,1.92283,10.07101,1.8613300000000002,0.0,0.0,0.0,0.0,0.0,0.00402,0.0,0.07695,0.08663,0.0,2.01816,0.0,0.27204,0.0,0.00032,0.0,0.0,0.13479,0.00074,0.0,0.04009,0.0,0.0232,0.07911,0.0,0.12695,0.0,0.0,0.0,0.05742,0.02677,0.0,0.0,0.75418,0.20873,0.47746,0.0,0.0017100000000000001,0.0,0.0,0.0,0.02224,0.0666,0.0,0.0,0.0,0.0,0.0,0.0,0.0,0.0,0.0,0.35141,0.0,0.0
CRR1090756,1,0.0,0.9062399999999999,0.00561,33.83102999999999,0.0,0.00348,9.01015,0.19598,2.47663,3.4100699999999997,30.726910000000004,0.02884,0.0,0.08748,0.0,0.0,0.0,0.0,0.18227,0.0,0.0,0.0,0.0,0.0,0.0,0.0,0.0,0.209,0.0,0.0,0.0,0.0,0.0,5.694039999999999,0.0,0.0,0.0,0.0,0.0,0.0,0.0,0.18707,0.0,0.0,0.0,0.0,0.0,0.01838,0.0,0.00931,0.00894,0.0,0.07552,0.0,0.0,0.0,0.0,0.0,0.0,0.0,0.0,0.0,0.0,0.0,0.0077,0.0
CRR1090760,1,0.0,1.1936099999999998,0.01354,17.54744,0.0,0.0,10.52163,0.43927,2.05203,6.07341,13.381900000000002,0.0,0.0,0.0633,0.0,0.0,0.0,0.0,0.19188999999999998,0.0,0.0,0.0,0.0,0.0,0.0,0.0,0.0,0.0,0.0,0.0,0.0,0.0,0.0,2.01499,0.0,0.0,0.0,0.0,0.0,0.0,0.0,0.06487,0.0,0.0,0.0,0.0,0.0,0.0,0.0,0.0,0.00316,0.0,0.11475,0.0,0.0,0.0,0.0,0.0,0.0,0.0,0.0,0.0,0.0,0.0,0.0,0.0
CRR1090764,1,0.00737,4.341179999999999,0.00034,83.74400000000004,0.00232,0.0139,0.8034600000000002,0.14615999999999998,0.57145,0.48824,5.332770000000001,0.00664,0.0,0.05445,0.01364,0.0,0.0,0.0,0.12777,0.0,0.0,0.0,0.0,0.0,0.0,0.0,0.0,0.04085,0.0,0.03471,0.00207,0.03629,0.0,1.7697299999999998,0.0,0.11923,0.0,0.0,0.0,0.19716,0.41215,0.0395,0.0,0.0,0.0,0.06489,0.0,0.01206,0.0,0.0,0.0,0.0,0.02691,0.12588,0.0,0.0,0.0,0.0,0.0,0.0,0.0,0.0,0.0,0.0,0.0,0.0
CRR1090770,1,0.00017,44.15994,3.8932900000000004,28.779580000000003,0.732,0.31181,0.58025,2.8056,0.52054,9.181,2.39818,0.0,0.0,0.0,0.0,0.0,1.59974,0.0,0.0,0.99022,0.0,0.0,0.0,0.0,0.0,0.0,0.0,0.0,0.0,0.0,0.0,0.15089,0.0,0.14604,0.08528,0.0,0.0,0.0,0.0,0.0,0.0,0.50189,0.0,0.13081,0.0,0.0,0.0,0.0,0.0,0.0,0.013,0.0,0.0,0.0,0.0,0.0,0.0,0.0,0.0,0.0,0.0,0.0,0.0,0.0,0.0,0.0
CRR1090771,1,0.0,39.733740000000004,2.60433,28.31804,0.0,0.04234,1.5647199999999999,0.53017,0.35221,0.02058,24.95712,0.0,0.0,0.03088,0.0,0.0,0.0,0.0,0.05064,0.26264,0.0,0.0,0.0,0.0,0.0,0.0,0.0,0.0,0.0,0.0,0.0,0.0,0.0,0.29825999999999997,0.00774,0.0,0.0,0.0,0.0,0.0,0.0,0.12903,0.0,0.0,0.0,0.0,0.0,0.00161,0.00305,0.0,0.00367,0.0,0.0,0.0,0.0,0.0,0.0,0.0,0.0,0.0,0.0,0.0,0.0,0.0,0.0,0.0
CRR1090772,1,0.0,16.850490000000004,0.01622,63.34307999999998,0.0,0.14797,1.0365399999999998,0.25846,1.7926,0.48413000000000006,3.29023,0.00978,0.0,0.01475,0.0,0.0,0.0,0.0,0.02391,7.23763,0.0,0.0,0.0,0.0,0.0,0.0,0.0,0.08208,0.0,0.0,0.00299,0.0,0.0,0.34142999999999996,0.0,0.0,0.0,0.0,0.0,0.0,0.00435,0.59961,0.0,0.14122,0.0,0.0,0.0,0.0,0.00798,0.0,0.00402,0.0,0.01776,0.0,0.0,0.0,0.0,0.0,0.0,0.0,0.0,0.0,0.0,0.0,0.00924,0.0
CRR1090773,1,0.00866,28.363290000000003,0.69261,63.30553000000001,0.24265,0.00338,1.1302699999999999,2.0706800000000003,1.6435099999999998,0.1134,0.013470000000000001,0.00171,0.0,0.00164,0.0,0.0,0.0,0.0,0.027379999999999998,0.01513,0.0,0.0,0.0,0.0,0.0,0.00778,0.0,0.0,0.05319,0.0349,0.00685,0.0152,0.00527,0.0,0.0,0.0754,0.0,0.0,0.00761,0.05158,0.0,0.08608,0.0,1.21177,0.16586,0.0,0.0,0.01043,0.0,0.0,0.0,0.0,0.00566,0.0,0.0,0.0,0.0,0.0,0.0,0.0,0.0,0.0,0.0,0.0,0.0,0.0
CRR1090774,1,0.0,16.82038,4.50303,56.520149999999994,0.12435,0.05461,3.0812499999999994,0.8345699999999999,2.4695799999999997,0.16769,5.49124,0.003,0.0,0.054220000000000004,0.03718,0.05702,0.0,0.0,0.12580000000000002,0.0,0.0,0.0,0.0,0.0,0.48925,0.0414,0.07969,0.0,0.25392,0.02554,0.00108,0.049,0.02011,0.0,0.01937,0.0,2.73149,0.0,0.0,0.31111,0.0,0.11585,0.0,0.0,0.0,0.0,0.04165,0.11425,0.01064,0.01257,0.06036,0.0,0.01478,0.0,0.0,0.0,0.0,0.0,0.0066,0.0,0.0,0.0,0.0,0.0,0.0212,0.0
CRR1090775,1,0.0,17.85806,0.0,55.99267000000002,0.08438,0.0,0.32536,0.68159,1.47323,0.09389,0.25676,0.05021,0.0,0.07187,0.0,0.0,0.0,0.0,0.05602,14.32941,0.0,0.0,0.0,0.0,0.0,0.0,0.0,0.0,0.0104,0.0,0.0,0.0,0.0,0.0,0.00595,0.0,0.0,0.0,0.0,0.0,0.0,0.25601,0.0,0.0,0.0,0.0,0.0,0.0,0.0005,0.0,0.00305,0.0,0.00222,0.0,0.0,0.0,0.0,0.0,0.0,0.0,0.0,0.0,0.0,0.0,0.0,0.0
CRR1090777,1,0.0,36.85711,0.27547000000000005,39.15101,0.40181,0.02751,2.8574100000000002,3.0550800000000002,0.9115599999999999,2.68167,0.22455000000000003,0.04073,0.0,0.07419,0.0,0.0,0.0,0.0,0.01329,1.27967,0.0,0.0,0.0,0.0,0.0,0.0685,0.0,0.12876,0.04399,0.0238,0.00333,0.02338,0.0158,0.00232,0.20293,0.0,0.0,0.0,0.0,0.02236,0.0,0.12865,0.00565,0.0,0.0,0.0,0.0,0.0,0.0,0.0,0.00767,10.75568,0.01842,0.0,0.0,0.0,0.0,0.0,0.0,0.0,0.0,0.0,0.0,0.0,0.0,0.0
CRR1090778,1,0.00306,13.93843,0.035930000000000004,34.85789,0.06057,0.24709,2.41439,0.23537,1.28776,20.91993,0.29605,0.0062,0.0,0.08772,0.0,0.10638,0.0,0.0,0.20182999999999998,0.02266,0.06817,0.12495,0.37736,0.56056,0.0,0.0203,0.0,0.0,0.0243,0.01514,0.00395,0.02047,0.0,0.0,0.0604,0.07869,0.74825,0.0,0.0,0.12573,3.39287,0.00813,0.0614,0.0,0.0,1.4311099999999999,0.0,0.0027,0.0,0.13411,0.01788,7.56894,0.09473,0.00452,0.02023,0.10379,0.11878,0.10606,0.03138,1.03968,0.0,0.1533,0.0,0.39374,0.0,0.0
CRR1090779,1,0.0,6.9212299999999995,0.67501,43.5575,0.02029,0.0,1.70755,4.39512,1.6402899999999998,0.00233,23.789270000000002,0.06049,0.0,0.01011,0.0,0.0,0.0,0.0,0.17941000000000001,0.0,0.0,0.0,0.0,0.0,0.0,0.04342,0.02726,0.043,0.0,0.00073,0.08066,0.33068,0.0,0.03756,0.0,0.04678,0.0,0.00747,0.0,0.05034,0.0104,0.05686,0.0,0.0,0.0,0.09846,0.0,0.04591,0.00292,0.00319,0.012150000000000001,0.0,0.02146,0.0,0.0,0.0,0.0,0.0,0.01112,0.0,0.0,0.0,0.0,0.0,0.01135,0.0
CRR1090781,1,0.05974,1.2859,2.18669,72.93345999999998,0.0,0.24343,1.2500499999999999,0.27693,0.23021000000000003,0.5986899999999999,1.10699,0.02141,0.0,0.1636,0.0,0.0,0.0,0.0,0.6112,0.01246,0.0,0.0,0.0,0.0,0.0,0.0,0.0,0.0,0.0,0.0,0.0,0.03556,0.0,11.90146,0.0,0.0,0.0,0.0,0.0,0.003,0.0,0.01593,0.00368,0.56108,0.0,0.0,0.0,0.0,0.00248,0.00217,0.00588,3.78295,0.01437,0.0,0.0,0.0,0.0,0.0,0.0,0.08149,0.0,0.0,0.0,0.0,0.00502,0.0
CRR1090783,0,0.00498,2.5103999999999997,2.1962200000000003,59.20790999999999,0.00464,0.00396,3.534559999999999,0.5598100000000001,0.57011,2.5832499999999996,4.09986,0.03538,0.0,0.02906,0.0,0.0,0.13502,0.0,0.13243,0.06309,0.0,0.0,0.0,0.0,0.0,0.0,0.0,0.00118,0.0203,0.0,0.0,0.13352,0.02221,0.35268,0.02339,0.0,0.10909,0.0,0.0,0.19489,0.0063,0.01877,0.04994,0.16689,0.0,0.0,0.0,0.0623,0.01088,0.00194,0.00921,10.14878,0.02643,0.0,0.0,0.0,0.0,0.0,0.0,0.00081,0.0,0.0,0.0,0.0,0.00242,0.0
CRR1090784,1,0.0,20.79479,0.09121,66.5246,0.0,0.0,0.01009,1.73699,2.18613,0.047189999999999996,4.12074,0.02488,0.11941,0.044950000000000004,0.00373,0.0,0.0,0.0,0.0,0.03267,0.0,0.0,0.0,0.0,0.0,0.02107,0.0,0.0,0.02082,0.17053000000000001,0.0,0.01911,0.0,3.44848,0.02465,0.0,0.0,0.0,0.08695,0.0,0.0,0.0,0.0,0.0,0.0,0.12372,0.0,0.0,0.0,0.0,0.0,0.0,0.0,0.0,0.0,0.0,0.00523,0.0,0.0,0.0,0.0,0.0,0.0,0.0,0.00089,0.0
CRR1090785,1,0.0,23.234209999999997,0.068,53.056149999999995,0.0,0.0,7.33298,0.12597,1.07453,0.53818,5.8721499999999995,0.13207,0.0,0.08755,0.0,0.0,0.0,0.0,0.010190000000000001,0.0,0.0,0.0,0.0,0.0,0.0,0.0,0.0,0.0,0.0,0.00116,0.0,0.17101,0.0,2.25942,0.24852,0.0,0.64062,0.0,0.0,0.02107,0.0,0.15702,0.0,0.0,0.0,0.0,0.0,0.0,0.0,0.00056,0.00903,0.0,0.05081,0.0,0.0,0.0,0.0,0.0,0.0,0.0,0.0,0.0,0.0,0.0,0.00663,0.0
CRR1090787,1,0.01777,8.197479999999999,0.44395,61.31907000000002,0.00079,0.00278,11.06542,0.72708,1.15273,1.11808,0.21865,0.02835,0.0,0.01173,0.0,0.0,0.04757,0.0,0.051579999999999994,0.03784,0.0,0.0,0.0,0.0,0.0,0.0,0.0,0.0,0.00482,0.0,0.0,0.04761,0.0,0.08367000000000001,0.0557,0.0,0.0,0.0,0.0,0.0,4.98973,0.04946,0.0,0.0,0.0,3.63738,0.65434,0.00363,0.0,0.03023,0.0,4.15563,0.00842,0.0,0.0,0.0,0.01054,0.0,0.0,0.0,0.0,0.0,0.0,0.0,0.0,0.0
CRR1090789,1,0.0085,19.266949999999998,2.3219299999999996,61.141810000000014,0.0,0.03048,0.1665,0.13049,0.50537,0.05576,0.58441,0.0,0.0,0.00671,0.00096,0.0,7.34377,0.0,0.0,0.06948,0.0,0.0,0.0,0.0,0.0,0.0,0.0,0.0,0.0,0.0,0.0,0.02334,0.01628,0.21796,0.08805,0.0,0.0,0.0,0.0,0.0,2.33383,0.12533,0.07998,0.61578,0.0,0.0,0.07713,0.0,0.0,0.00497,0.0,0.0,0.0,0.0,0.0,0.0,0.0,0.0,0.0,0.0,0.0,0.0,0.0,0.0,0.0,0.0
CRR1090790,1,0.0,13.60964,0.01959,30.223000000000003,0.0,0.0,9.09965,0.0,0.9293499999999999,21.98414,14.729399999999998,0.0,0.0,0.0,0.0,0.0,0.0,0.0,0.18356,0.0,0.0,0.0,0.0,0.0,0.0,0.0,0.0,0.0,0.0,0.0,0.0,0.0,0.0,0.79583,0.0,0.0,0.0,0.0,0.0,0.0,0.0,0.0,0.0,0.0,0.0,0.0,0.0,0.0,0.0,0.0,0.0,0.0,0.08431,0.0,0.0,0.0,0.0,0.0,0.0,0.0,0.0,0.0,0.0,0.0,0.0,0.0
CRR1090796,0,0.0,2.2683800000000005,0.0052,86.77253999999996,0.53846,0.0,2.11343,0.39292000000000005,2.12516,0.51362,2.2726599999999997,0.01982,0.0,0.0,0.0,0.0,0.0,0.0,0.17454,1.51722,0.0,0.0,0.0,0.0,0.0,0.0,0.0,0.02679,0.0,0.0,0.0,0.2817,0.0,0.20173000000000002,0.03205,0.0,0.0,0.0,0.0,0.13405,0.0,0.15072,0.0,0.0,0.0,0.0,0.0,0.02049,0.0,0.0,0.02686,0.0,0.02862,0.0,0.0,0.0,0.0,0.0,0.0,0.0,0.0,0.0,0.0,0.0,0.0,0.0
CRR1090805,1,0.0,0.00364,0.00327,30.212500000000006,0.0,0.0,5.662129999999999,0.0,1.5207799999999998,5.8884099999999995,5.88326,0.05163,0.0,0.10880000000000001,0.0,0.0,0.00024,0.0,0.34834,0.00807,0.0,0.0,0.0,0.0,0.0,0.0,0.0,0.0,0.0,0.0,0.0,0.06742,0.0,6.2428300000000005,0.0,0.0,0.0,0.0,0.0,0.0,0.0,0.00244,0.0,0.00121,0.0,0.0,0.0,0.02327,0.0,0.00777,0.06697,0.0,0.04397,0.0,0.0,0.0,0.0,0.0,0.0,0.0,0.0,0.0,0.0,0.0,0.00398,0.0
CRR1090806,1,0.00014,6.645669999999999,0.00498,80.63918,3.71475,0.18917,0.43302,0.43370000000000003,0.33573,0.11728000000000001,0.00221,0.02845,0.0,0.07657,0.0,0.0,0.0,0.0,0.00157,0.4212,0.0,3.19229,0.0,0.0,0.0518,0.0,0.0,0.0,0.0,0.01116,0.02777,0.04341,0.0,0.03762,0.14912,0.0,0.0,0.0,0.0,0.00625,0.4085,0.51023,0.0,0.0,0.0,1.16203,0.0,0.00022,0.0,0.01501,0.00419,0.02045,0.00206,0.0,0.0,0.0,0.0,0.0,0.00014,0.0,0.0,0.0,0.0,0.0,0.0,0.01055
CRR1090807,0,0.0,24.878259999999994,0.20431,54.608969999999985,0.0,0.00025,0.07233,0.19063,0.04212,0.45714,0.14291,0.0,0.04369,0.0,0.0,0.01239,0.0,0.00397,0.0,0.10296,0.9897,0.7658,0.02599,4.41067,0.0,0.0,0.00077,0.03266,0.0,0.03172,0.01269,0.0,0.0065,0.01195,0.01922,0.00953,0.0,0.0,0.00476,0.00086,0.04334,0.0,0.02408,0.0,0.0,0.0642,0.0,0.0,0.00298,0.0,0.0,0.05453,0.0,0.0,0.19986,0.0,0.0,0.0,0.0,6.2569,0.02627,0.0,0.14529,0.16292,0.0,0.0
CRR1090812,1,0.024399999999999998,29.480919999999998,0.0,48.84210000000002,0.20361,0.01305,0.09459,0.23498000000000002,0.45358,6.91863,1.15289,0.0,0.0,0.00491,0.0,0.0,0.0,0.00117,0.0054,0.0,0.0,0.0,0.0,0.0,0.0,0.0,0.0,0.0,0.00249,0.00523,0.0,0.03715,0.02338,0.03823,0.0,0.0,0.0,0.0,0.0,0.13848,2.33488,0.10624,0.00405,0.18241,0.0,0.0,0.0,0.0,0.0,0.0,0.0035,8.91307,0.0,0.0,0.0,0.0,0.0,0.0,0.0,0.0,0.0,0.0,0.0,0.0,0.0,0.0
CRR1090815,0,0.0,24.781880000000005,0.0,36.513920000000006,0.0,0.12148,0.5527700000000001,2.31269,2.08914,0.02406,17.806939999999997,0.01241,0.0,0.06557,0.0,0.0,0.0,0.0,0.1196,0.37753,0.0,0.0,0.0,0.0,0.0,0.0,0.0,0.0,0.0,0.0,0.0,0.09131,0.0,0.28331,0.0,0.0,0.0,0.0,0.0,0.0,0.0,0.0,0.0,0.0,0.0,0.0,0.0,0.0,0.0,0.0,0.00558,0.0,0.0,0.0,0.0,0.0,0.0,0.0,0.0,0.0,0.0,0.0,0.0,0.0,0.0,0.00449
CRR1090818,1,0.0,8.518150000000002,1.0614,67.71265000000001,4.21894,0.10598,5.70159,0.62688,1.05377,0.26364,1.03803,0.04927,0.0,0.14011,0.0,0.0,0.0,0.0,0.28158,0.38354,0.0,0.0,0.0,0.0,0.0,0.0,0.0,0.00385,0.0,0.0,0.0,0.0232,0.0,0.63605,0.03181,0.0,0.0,0.0,0.0,0.0,2.67184,0.2089,0.0,1.39445,0.0,0.0,0.0,0.00012,0.00065,0.0,0.03379,0.0,0.08947,0.0,0.0,0.0,0.0,0.0,0.0,0.0,0.0,0.0,0.0,0.0,0.0151,0.2347
CRR1090819,1,0.0,2.58405,0.01289,74.25289000000002,0.86148,0.02186,1.8842800000000002,0.58138,9.27285,0.02853,8.93008,0.03817,0.0,0.021169999999999998,0.0,0.0,0.0,0.0,0.0192,0.12194,0.0,0.0,0.0,0.0,0.0,0.0,0.0,0.0,0.0,0.0,0.0,0.24568,0.0,0.00579,0.03855,0.0,0.0,0.0,0.0,0.0,0.0,0.74272,0.0,0.04804,0.0,0.0,0.0,0.00062,0.0,0.0,0.00178,0.0,0.01007,0.0,0.0,0.0,0.0,0.0,0.0,0.0,0.0,0.0,0.0,0.0,0.00396,0.0
CRR1090820,1,0.00855,38.1398,0.41964,27.257579999999994,0.0,0.34445000000000003,0.09533,0.17587,0.01644,0.0,0.32316999999999996,0.0,0.05612,0.01326,0.01334,0.04994,0.0,0.0,0.04095,0.04769,0.0,0.0,0.0,0.0,0.01957,0.0,0.09187,0.0,0.00786,0.01022,0.0,0.0,0.0,0.05858,0.0,0.0423,0.0,0.01158,0.0,0.0,4.99253,0.0,0.11282,0.0,2.2068,0.82817,0.12567,0.0,0.00094,0.0,0.0,0.0,0.00299,0.00236,0.00311,0.0,0.0,0.0,0.0,0.00418,0.0,0.7894,0.04436,0.22918,0.0,0.0
CRR1090823,1,0.0,31.389610000000005,0.14550000000000002,38.08364000000001,0.0,0.19461,0.07765,0.0159,0.1771,16.35742,0.00758,0.0,0.01098,0.0,0.02614,0.0,0.0,0.0,0.0,0.04396,1.59945,0.0,0.99118,0.0,0.0,0.00282,0.0,0.0,0.00228,0.00068,0.0,0.01068,0.01558,0.0,0.04888,0.0,0.0,0.0,0.0,0.0,1.86832,0.0,0.0,0.0,0.0,0.07413,0.01155,0.0,0.0,0.0,0.0,0.0,0.0,0.00706,0.00087,0.0,0.0,0.0,0.0,0.0,0.0,0.0,0.01466,0.16417,0.0,0.0
CRR1090825,0,0.0,15.50387,0.0,50.53885,0.0,0.0,0.29611,0.7438,1.07565,0.98076,14.311530000000001,0.0,0.0,0.05558,0.0,0.0,0.0,0.0,0.054790000000000005,0.0,0.0,0.0,0.0,0.0,0.0,0.0,0.0,0.0,0.0,0.0,0.0,0.19237,0.0,14.923309999999999,0.0,0.0,0.0,0.0,0.0,0.0,0.0,0.00156,0.0,0.0,0.0,0.0,0.0,0.0,0.0,0.0,0.0,0.0,0.0,0.0,0.0,0.0,0.0,0.0,0.0,0.0,0.0,0.0,0.0,0.0,0.0,0.81886
CRR1090832,1,0.00145,2.4333099999999996,0.3306,62.06778,0.0,0.84921,0.24277,0.49305,0.22073,0.69463,10.00266,0.0266,0.0,0.02411,0.0,0.0,0.0,0.0,0.0537,2.72701,0.0,0.00251,0.0,0.0,0.0,0.0,0.0,0.0,0.0,0.0,0.0,0.0,0.0,0.9072899999999999,0.0,0.0,0.0,0.0,0.0,0.0,0.0,0.02124,0.0,4.68366,0.0,0.0,0.0,0.0,0.0,0.0,0.0037199999999999998,0.0,0.00369,0.0,0.0,0.0,0.0,0.0,0.0,0.0,0.0,0.0,0.0,0.0,0.0,0.0
CRR1090833,0,0.0,0.0,0.00169,0.00968,0.0,0.0,20.20546,0.0,0.0,0.0,77.30489,0.00546,0.0,0.03442,0.0,0.0,0.0,0.0,0.06563000000000001,0.0,0.0,0.0,0.0,0.0,0.0,0.0,0.0,0.0,0.0,0.0,0.0,0.0,0.0,0.0,0.0,0.0,0.0,0.0,0.0,0.0,0.0,0.0,0.0,0.0,0.0,0.0,0.0,0.00403,0.0,0.04917,0.0,0.0,0.06918,0.0,0.0,0.0,0.0,0.0,0.0,0.0,0.0,0.0,0.0,0.0,0.05419,0.0
CRR1090834,0,0.0,1.5462799999999999,3.5410299999999997,61.45255000000001,0.00018,0.08866,5.8015,0.08187,1.63306,6.298730000000001,11.16108,0.02868,0.0,0.014039999999999999,0.0,0.0,0.0,0.0,0.41939000000000004,2.60972,0.0,0.0,0.0,0.0,0.0,0.0,0.0,0.0,0.0085,0.0,0.0,0.0,0.0,0.45916999999999997,0.0,0.0,0.0,0.0,0.0,0.0,0.0,0.28506,0.0,0.00684,0.0,0.0,0.0,0.0,0.0,0.02713,0.00352,0.0,0.23675,0.0,0.0,0.0,0.0,0.0,0.0,0.0,0.0,0.0,0.0,0.0,0.00535,0.0
CRR1090840,0,0.04558,21.432830000000003,0.73162,28.84243999999999,0.4544,0.99878,0.17287999999999995,0.07271999999999999,0.18483,0.41023,0.43699,0.00232,0.0,0.02901,0.0,0.0,0.02981,0.03523,0.00735,0.11725999999999999,0.0,0.00052,0.0,0.0,0.0,0.0,0.0,0.0,0.0,0.02626,0.03754,0.00799,0.00331,0.04059,0.08306,0.0,7.06725,0.0,0.0,0.0,14.6327,0.40283,0.84983,0.07186,0.0,0.0,0.0,0.00158,0.02848,0.0,0.0,0.0,0.0,0.0,0.0,0.0,0.0,0.0,0.0,0.0,0.0,0.0,0.0,0.0,0.0,0.0
CRR1090847,1,0.0,27.030860000000004,0.32076,27.917449999999985,0.0,0.0813,0.09725,0.3156,0.18713000000000002,0.00699,0.47723,0.00929,0.04868,0.0,0.02911,0.0,0.03064,0.00026,0.00066,0.00355,2.13998,0.0,0.44196,3.64941,0.09187,0.24425,0.29535,0.0,0.12046,0.08505,0.01229,0.0178,0.00838,0.02244,0.02732,0.02821,1.74407,0.01093,0.03705,0.02947,2.91339,0.0,0.29828,0.01553,1.26704,0.17785,0.0,0.0,0.00039,0.0,0.0,0.0,0.0,0.00416,0.0596,0.0,0.0015,0.0,0.01758,0.0,0.0,0.99094,0.00362,0.0,0.0,0.0
CRR1090853,0,0.0,13.603380000000003,0.07107,35.64345999999999,0.02693,0.01772,0.14743,0.55165,0.6626700000000001,0.016669999999999997,25.764960000000002,0.00398,0.0,0.02231,0.0,0.0,0.0,0.0,0.01195,0.08357,4.33291,0.0,0.0,2.26789,0.17598,0.0,0.0,0.0,0.19764,0.050589999999999996,0.03376,0.16713,0.0,0.26166,0.01609,0.0,0.0,0.0,0.0,0.03609,2.42078,0.03591,0.0,0.34523,0.0,0.00031,0.0,0.0,0.0,0.00095,0.0,5.76209,7e-05,0.0,0.0,0.0,0.19008,0.0,0.01524,0.53355,0.0,0.0,0.0,0.0,0.0,0.0
CRR1090854,0,0.00292,28.123609999999996,0.0,48.40183999999999,0.46279,0.02007,0.20884999999999998,0.27766,0.18349,0.00098,8.19532,0.01994,0.0,0.03787,0.0,0.00287,0.32592,0.00012,0.02326,0.0205,0.0,0.0,0.02225,0.0443,0.15399,0.0,0.0,0.0,0.01445,0.1088,0.00934,0.02716,0.053,0.30734,0.09429,0.01588,0.0,0.0,0.0,0.2231,1.13061,0.0548,0.222,0.02084,0.0,0.0,0.0,0.0,0.00185,0.0,0.00283,7.47253,0.00129,0.0,0.0,0.0,0.0,0.0,0.0,0.0,0.0,0.0,0.0,0.0,0.0,0.0
CRR1090857,1,0.00225,53.271950000000004,0.0,17.26112,6.94949,0.6936,0.044,0.08305,0.22722,3.28652,0.34631,0.0,0.0,0.00393,0.0,0.0,0.0,0.0,0.00122,4.59528,0.0,0.0,0.0,0.0,0.0,0.0,0.0,0.0,0.0,0.0,0.0,0.00139,0.0,0.00469,0.09097,0.0,0.0,0.0,0.0,0.0,8.28439,0.1803,0.0,2.16454,0.0,0.0,0.0,0.0,0.0,0.0,0.0,0.0,0.0,0.0,0.0,0.0,0.0,0.0,0.0,0.0,0.0,0.0,0.0,0.0,0.0,0.43354
CRR1090860,1,0.0,32.487959999999994,2.30617,11.976750000000003,0.0066,0.0,7.313270000000001,0.01556,0.79676,1.4672100000000001,15.78683,0.0,0.0,0.06989000000000001,0.0,0.0,0.0,0.0,0.05742,0.18882,0.0,0.0,0.0,0.0,0.0,0.0,0.0,0.00941,0.0,0.0,0.0,0.0,0.0,2.24665,0.0,0.0,0.0,0.0,0.0,0.0,0.0,0.15516,0.0,0.0,0.0,0.0,0.0,0.0,0.0,0.0,0.0,0.0,0.0,0.0,0.0,0.0,0.0,0.0,0.0,0.0,0.0,0.0,0.0,0.0,0.0,0.0
CRR1090861,1,0.0,6.345769999999999,2.1336299999999997,73.37081,0.0,0.0,2.77445,0.87339,1.3315000000000001,0.0192,4.70324,0.00529,0.0,0.001,0.0,0.0016,0.0,0.0,0.01934,0.06671,0.0,1.38021,0.06301,0.0,0.0,0.00037,0.00017,0.0,0.08503,0.00323,0.00473,0.07186,0.05087,0.0832,0.00585,0.07974,0.0,0.0,0.0,0.01576,0.13549,0.06563,0.00478,0.0,0.0,0.60509,0.0,0.0,0.0,0.0,0.0,0.62451,0.02807,0.03432,0.0,0.0,0.0,0.0,0.0,0.0,0.0,0.0,0.0,0.0,0.0,0.0
CRR1090866,1,0.0,38.69267,1.02987,24.93391000000001,0.0,0.01937,1.1098999999999999,0.81329,0.14929,0.36826,3.5431500000000002,0.0,0.0,0.0,0.0,0.0,0.02854,0.0,0.0,1.8293700000000002,0.0,0.0,0.0,0.0,0.0,0.0,0.0,0.0,0.0,0.0,0.0,0.0,0.0,3.926,0.07713,0.0,0.0,0.0,0.0,0.0,0.0,0.17778,0.0,0.0,0.0,0.0,0.0,0.0,0.0,0.0022,0.0,0.35327,0.0,0.0,0.0,0.0,0.0,0.0,0.0,0.0,0.0,0.0,0.0,0.0,0.0,0.0
CRR1090867,1,0.0,15.16981,0.29049,35.29043999999999,0.0,1.06885,0.17238,0.12927,0.74192,0.01732,2.77886,0.0001,0.0,0.0,0.0,0.0,31.87876,0.0,0.004549999999999999,0.08231,0.0,0.0,0.0,0.0,0.0,0.0,0.0,0.0,0.0,0.0,0.0,0.0,0.0,9.99627,0.0,0.0,0.0,0.0,0.0,0.0,0.00591,0.40524,0.0,1.08555,0.0,0.0,0.0,0.0,0.0,0.0,0.0,0.0,0.0,0.0,0.0,0.0,0.0,0.0,0.0,0.0,0.0,0.0,0.0,0.0,0.0,0.01614
CRR1090868,1,0.01662,14.10592,4.31941,33.40337,0.02579,0.04022,2.84893,0.44068,0.12706,0.22215000000000001,0.9667699999999999,0.00527,0.0,0.00277,0.00685,0.0,0.00387,0.0,0.030369999999999998,0.03312,1.18186,0.0,0.2159,0.1569,0.00951,0.0,0.0319,0.02986,0.02718,0.0,0.0,0.0,0.00268,3.16804,0.0,0.01267,1.21826,0.0,0.0,0.00252,0.86527,0.04633,0.0,0.0,0.06461,1.40084,0.15831,0.0283,0.0,0.0,0.0,0.0,0.0,0.0,0.00752,0.03588,0.00158,0.00368,0.00098,0.0,0.15241,0.6267,0.00859,0.00404,0.00017,0.0
CRR1090874,0,0.0,22.993329999999997,0.02447,65.49425000000001,0.18994,0.26322,1.49865,1.3892099999999998,2.2432999999999996,3.59255,0.00128,0.04162,0.0,0.22621999999999998,0.0,0.0,0.0,0.0,0.64517,0.0,0.0,0.0,0.0,0.0,0.0,0.0,0.0,0.05067,0.0,0.0,0.0,0.00447,0.0,0.10862,0.22678,0.0,0.0,0.0,0.0,0.0,0.0,0.42106,0.0,0.00076,0.0,0.0,0.0,0.00228,0.00297,0.0,0.00202,0.0,0.03871,0.0,0.0,0.0,0.0,0.0,0.0,0.0,0.0,0.0,0.0,0.0,0.0,0.0144
CRR1090877,1,0.01372,22.254350000000006,0.70128,72.82543,0.25473,0.00049,0.16793000000000002,0.21458999999999998,0.69894,0.19912000000000002,0.8140700000000001,0.0,0.0,0.01093,0.0,0.0,0.0,0.00358,0.0071,0.56039,0.0,0.0,0.0,0.0,0.0,0.0356,0.0,0.01209,0.0,0.0,0.00485,0.01609,0.00848,0.29245,0.01757,0.0,0.0,0.0,0.01333,0.00663,0.0,0.07963,0.0,0.19257,0.0,0.0,0.0,0.0,0.00345,0.0,0.00139,0.32448,0.0,0.0,0.0,0.0,0.0,0.0,0.0,0.0,0.0,0.0,0.0,0.19211,0.0,0.0
CRR1090883,1,0.0,13.44794,0.87664,48.12883999999998,2.01581,0.14500000000000002,0.22392,0.26252,0.31294999999999995,5.24346,0.28648999999999997,0.0,0.0,0.0,0.012,0.0,0.16235,0.0,0.0,0.0117,4.9625900000000005,0.0,0.55828,0.32348,0.02213,0.05999,0.04728,0.0,0.10699,0.00449,0.0,0.00405,0.00265,0.02622,0.01766,0.06575,0.36902,0.14683,0.00057,0.0,2.89248,0.0,0.08509,0.0,0.45693,0.27574000000000004,0.06497,0.00511,0.00342,0.0,0.0,0.00175,0.0,0.00437,0.0288,0.02392,0.10773,0.0,0.00084,0.0,0.0,0.06688,0.00778,0.27061,0.0,0.0
CRR1090884,1,0.0,18.291289999999996,0.07375999999999999,40.934909999999995,0.17376,0.05334,0.03276,0.36856,0.50047,0.03222,4.18651,0.00358,0.0,0.01782,0.0138,0.0,0.08006,0.06028,0.0,0.38508000000000003,0.0,2.54711,0.0,0.64723,0.0,0.02681,0.0,0.0,0.01796,0.25991,0.09279,0.02731,0.00623,2.66245,0.0,0.03853,0.0,0.00386,0.01266,0.0,0.0,0.44698,0.02196,0.08085,0.12167,0.1339,0.0,0.0,0.01048,0.0,0.0,0.0,0.0,0.00367,0.30224,0.0,0.0027,0.04862,0.0,0.00121,1.33997,0.0,0.04149,1.10382,0.0,0.0
CRR1090886,1,0.0,30.065619999999996,1.09496,51.62111999999999,0.0,0.32022,0.59153,0.27476,0.30355,0.00813,0.0,0.00132,0.18336,0.02317,0.0,0.0,0.0,0.0,0.03185,0.0,0.0,0.00414,0.0,0.0,0.0,0.0,0.0,0.0,0.0,0.0,0.0,0.1623,0.0,0.009170000000000001,0.00753,0.0,0.0,0.0,0.0,0.0,2.06504,0.0,0.0,1.09127,0.0,0.0,0.0,0.0,0.0,0.0,0.00349,0.0,0.0,0.0,0.0,0.0,0.0,0.0,0.0,0.0,0.0,0.0,0.0,0.0,0.0,0.03705
CRR1090893,0,0.0,9.46229,0.00097,62.89410999999999,0.0,0.07503,1.2398,0.43137,1.9291100000000003,0.38821999999999995,11.903749999999999,0.00407,0.0,0.1555,0.0,0.0,0.0,0.0,0.08463000000000001,4.95867,0.0,0.0,0.0,0.0,0.0,0.0,0.0,0.07658,0.0,0.0,0.0,0.0,0.0,2.07464,0.0,0.0,0.0,0.0,0.0,0.0609,0.0,0.34917,0.0,0.22291,0.0,0.0,0.0,0.0,0.05333,0.0,0.00761,0.0,0.02943,0.0,0.0,0.0,0.0,0.0,0.0,0.0,0.0,0.0,0.0,0.0,0.0,0.7366
CRR1090899,0,0.0,4.37194,0.0,75.53064,0.06014,0.00633,1.3976199999999996,0.25973,1.04688,0.34118,15.10814,0.00123,0.0,0.08181,0.0,0.0,0.0,0.0,0.02577,0.0,0.0,0.0,0.0,0.0,0.0,0.0,0.0,0.60129,0.0,0.0,0.0,0.0,0.0,0.38514,0.0,0.0,0.0,0.0,0.0,0.0,0.0,0.53677,0.0,0.0,0.0,0.0,0.0,0.0,0.0,0.0,0.01634,0.0,0.02694,0.0,0.0,0.0,0.0,0.0,0.0,0.0,0.0,0.0,0.0,0.0,0.0,0.0
CRR1090906,0,2.76956,22.33852,0.0,61.09927000000001,0.0,0.0,0.62041,2.52717,0.9762,0.47914,1.31263,0.08789,0.0,0.06774,0.0,0.0,0.0,0.0,0.12637,0.5148,0.0,0.0,0.0,0.0,0.0,0.0,0.0,0.0,0.0,0.0,0.0,0.0,0.0,4.83923,0.0,0.0,0.0,0.0,0.0,0.0,0.0,0.00795,0.56544,0.0,0.0,0.0,0.0,0.0,0.0,0.00132,0.01016,0.0,0.0,0.0,0.0,0.0,0.0,0.0,0.0,0.0,0.0,0.0,0.0,0.0,0.00516,0.24441
CRR1090907,0,0.02006,21.213210000000004,1.90852,52.62923,5.76752,0.04606,0.12744,4.30078,1.15357,0.09921,3.5095799999999997,0.00219,0.0,0.03975,0.0,0.0,0.0,0.0,0.02299,0.0,0.0,0.0,0.0,0.49168,0.0,0.0,0.0,0.00497,0.0,0.0,0.0,0.26475,0.0,0.0008,0.02961,0.0,0.0,0.0,0.12327,0.0,0.0,0.09473,0.0,0.14717,0.0,0.0,0.0,0.0,0.00093,0.0,0.00743,2.90448,0.0,0.0,0.0,0.0,0.0,0.0,0.0,0.0,0.0,0.0,0.0,0.0,0.0,0.0
CRR1090909,1,0.0,17.73522,0.018930000000000002,53.3765,3.46838,0.00069,1.24,0.34163000000000004,1.09999,0.8913,0.03479,0.02636,0.0,0.08239,0.0,0.0,0.0,0.0,0.03669,0.0,0.0,0.0,0.0,0.0,0.0,0.0,0.0,0.0,0.0,0.2811,0.0,1.27871,0.0,0.13232000000000002,0.09899,0.0,0.0,0.0,0.0,0.0,13.45451,0.4002,0.0,0.0,0.0,0.0,0.0,0.0,0.0,0.00616,0.00075,0.0,0.0,0.0,0.0,0.0,0.0,0.0,0.0,0.0,0.0,0.0,0.0,0.0,0.0,0.0549
CRR1090916,1,0.0,29.75132,0.40446,51.32815000000003,0.10182,0.02761,2.5785500000000003,0.8966000000000001,0.24826,0.18039,10.58232,0.00262,0.0,0.01048,0.0,0.0,0.0,0.0,0.0,0.06265,0.0,2.10499,0.0,0.0,0.0,0.02063,0.0,0.05047,0.0062,0.0,0.0,0.01949,0.01199,0.58233,0.00347,0.0,0.0,0.0,0.0,0.0,0.0,0.12406,0.0,0.0,0.0,0.12898,0.60224,0.0,0.0,0.0,0.0,0.0,0.00144,0.0,0.0,0.0,0.0,0.0,0.0,0.0,0.0,0.0,0.0,0.0,0.0,0.0
CRR1090917,0,0.0,38.87198,0.0,34.14440000000001,1.89365,0.17027,0.17259,2.14885,0.8602,0.30721,3.94459,0.0,0.0,0.0,0.0,0.0,0.0,0.0,0.01259,1.48275,0.0,14.58414,0.0,0.0,0.0,0.0,0.0,0.0,0.0,0.0,0.0,0.0,0.0,0.0,0.0,0.0,0.0,0.0,0.0,0.00291,0.0,0.09633,0.0,0.0,0.0,0.0,0.0,0.0,0.0,0.0,0.0,0.0,0.0,0.0,0.0,0.0,0.0,0.0,0.0,0.0,0.0,0.0,0.0,0.0,0.0,0.21688
CRR1090918,1,0.0,31.54441999999999,1.33579,33.43876999999999,0.0,0.57285,0.42180000000000006,0.14549,0.44178,1.71936,2.2498199999999997,0.01541,0.0,0.017570000000000002,0.0,0.0,0.14649,0.0,0.14753,0.35014,0.0,0.0,0.0,0.0,0.0,0.0,0.0,0.0,0.0,0.00064,0.01422,0.06014,0.0,0.54155,0.02948,0.0,0.0,0.0,0.0,0.0,0.0,0.26416,0.0,0.0309,0.0,0.20254,0.0,0.0,0.0,0.0,0.0,17.4933,0.0,0.0,0.0,0.0,0.0,0.0,0.0,0.0,0.0,0.0,0.0,0.0,0.0,0.0
CRR1090919,1,0.00961,27.62147,1.50613,41.39874,0.03434,1.96595,1.5121900000000001,0.31862000000000007,0.14281000000000002,0.51405,10.280220000000002,0.00204,0.0,0.00278,0.00201,0.0,0.0,0.00036,0.02888,0.21504,1.22089,0.0,0.10918,0.0,0.0,0.05566,0.0,0.0,0.01175,0.0,0.0,0.0,0.0,4.56553,0.00733,0.0,0.0,0.00121,0.0,0.00038,0.0,0.12935,0.0033,0.23445,0.10653,1.37016,0.0,0.0,0.0,0.0,0.0,0.04603,0.00611,0.0,0.0,0.0,0.0,0.01491,0.0,0.0,0.10384,0.02598,0.0,0.07976,0.00048,0.0
CRR1090920,1,0.0,47.03729999999999,0.00672,33.21773000000002,0.0,0.61082,0.9939899999999997,0.10018,0.16038,0.49736,4.63792,0.01457,0.0,0.05541,0.0,0.0,0.0,0.0,0.02195,0.0,0.0,0.0,0.0,0.0,0.0,0.0,0.0,0.0,0.0,0.0,0.0,0.0,0.0,7.296989999999999,0.04484,0.0,0.0,0.0,0.59241,0.51024,0.0,0.59866,0.0,0.10875,0.0,0.0,0.0,0.00668,0.03334,0.0,0.0,0.0,0.00588,0.0,0.0,0.0,0.0,0.0,0.0,0.0,0.0,0.0,0.0,0.0,0.0,0.0
CRR1090921,1,0.0,21.58702000000001,0.0,27.791699999999985,0.0,0.5821000000000001,0.71433,0.64464,0.21567,0.4243,1.0251000000000001,0.0,0.0,0.00016,0.01446,0.01512,0.0,0.0,0.0,0.41894,1.9363700000000001,0.0,0.52472,0.92766,0.0,0.0,0.02072,0.0,0.0269,0.16465,0.00738,0.00559,0.00025,0.50574,0.00426,0.02624,0.26799,0.00055,0.00158,0.0,0.92999,0.10835,0.01459,0.2708,0.54506,0.26538,0.64823,0.0,0.00064,0.0,0.00838,0.59284,0.00124,0.00797,0.0016,0.01659,0.0,0.00152,0.00031,0.10062,0.26633,0.21199,0.00845,0.0,0.0,0.0
CRR1090922,1,0.0,62.113099999999996,0.0,32.68748,0.0,0.0,0.19849999999999998,0.0,1.94448,1.65635,0.0,0.0,0.0,0.01028,0.0,0.0,0.0,0.0,0.00312,0.0,0.0,0.0,0.0,0.0,0.0,0.0,0.0,0.0,0.0,0.0,0.0,0.0,0.0,0.40547000000000005,0.0,0.0,0.0,0.0,0.0,0.0,0.03471,0.0018,0.0,0.0,0.0,0.0,0.0,0.0,0.0,0.0,0.0,0.0,0.00117,0.0,0.0,0.0,0.0,0.0,0.0,0.0,0.0,0.0,0.0,0.0,0.0,0.0
CRR1090928,1,0.0,33.31407,0.56421,25.842040000000008,1.51572,0.09154,0.02028,0.7639,0.44153000000000003,5.28101,0.60434,0.00109,0.05109,0.03994,0.0,0.04806,0.0,0.0,0.01299,0.14816000000000001,0.70417,1.26139,0.00381,1.15912,0.12142,0.27016,0.08292,0.0,0.01777,0.06774,0.0,0.0,0.00253,0.0,0.09263,0.04111,0.0,0.0,0.01239,0.05472,6.27514,0.0,0.07054,0.0,2.84337,1.55663,0.0,0.0,0.00381,0.0,0.0,2.69734,0.00086,0.02908,0.16038,0.01796,0.0,0.0,0.00902,0.0,0.0,0.0,0.0,0.71207,0.0,0.0
CRR1090932,0,0.0,13.12438,0.00046,4.558940000000001,0.0,0.0,4.5727199999999995,0.0,4.0656099999999995,19.06801,25.471870000000003,0.0024,0.0,0.12813,0.0,0.0,0.0,0.0,0.1692,0.33593,0.0,0.0,0.0,0.0,0.0,0.0,0.0,0.0,0.0,0.0,0.0,0.0,0.0,18.16631,0.0,0.0,0.0,0.0,0.0,0.0,0.0,0.0,0.0,0.0,0.0,0.0,0.0,0.0,0.0,0.02115,0.00815,0.0,0.0,0.0,0.0,0.0,0.0,0.0,0.0,0.0,0.0,0.0,0.0,0.0,0.0,0.0
CRR1090935,1,0.0,10.79162,5.37577,44.32028000000001,1.27027,0.01533,0.45149000000000006,2.7324,2.64464,0.01284,1.5478399999999999,0.01186,0.06527,0.01602,0.01744,0.0,0.07601,0.0,0.07207000000000001,0.13072,8.89841,0.0,0.0753,0.68984,0.0,0.0,0.00903,0.01326,0.16555999999999998,0.02465,0.0,0.0,0.00258,0.14525,0.01143,0.02535,0.35076,0.00035,0.0,0.0,0.9351,0.0,0.0,0.04993,0.3439,0.80699,1.4538,0.00791,9e-05,0.00065,0.00775,0.02664,0.0,0.00662,0.0,0.06284,0.73609,0.03659,0.0,1.40528,0.09101,0.0,0.0,0.0,0.00322,0.0
CRR1090936,1,0.03305,25.603049999999993,1.08694,26.300720000000005,0.03512,0.72048,1.08388,0.44195999999999996,1.38913,0.28709999999999997,24.90793,0.0,0.0,0.00065,0.0,0.0,0.0,0.0,0.01183,0.02271,0.0,0.0,0.0,0.0,0.0,0.0,0.0,0.00291,0.0,0.0,0.08432,0.01565,0.00389,5.57543,0.00222,0.07472,5.60452,0.0,0.43695,0.0,0.82792,0.06817,0.0,0.0,0.0,0.0,0.10314,0.00337,0.0028799999999999997,0.0,0.0,0.0,0.0,0.00018,0.0,0.0,0.0,0.0,0.0,0.0,0.0,0.0,0.0,0.0,0.0,0.0
CRR1090939,1,0.0,9.52735,0.01572,64.62241999999999,1.29896,0.01852,0.20462000000000002,0.00262,8.274090000000001,0.02008,6.34708,0.03517,0.13482,0.048459999999999996,0.0,0.0,0.0,0.0,0.05753,0.0,0.0,0.0,0.0,0.0,0.0,0.0,0.0,0.03636,0.0,0.0,0.0,0.0,0.0,0.8066599999999999,0.0,0.0,0.0,0.0,0.0,0.0,0.0,0.0,0.0,0.04976,0.0,0.0,0.0,0.0,0.0,0.0,0.06594,0.0,0.00911,0.0,0.0,0.0,0.0,0.0,0.0,0.0,0.0,0.0,0.0,0.0,0.01904,0.0
CRR1090940,1,0.0,17.717979999999997,0.45309,41.58160000000003,0.0,0.04631,1.43514,0.09681999999999999,0.29646,0.01672,5.47267,0.00173,0.0,0.02756,0.00635,0.032,0.0,0.00052,0.01813,0.175,4.63044,0.0,0.09589,0.7304700000000001,0.0,0.0,0.0,0.02022,0.00686,0.0,0.02986,0.00175,0.0,0.0,0.0039,0.04929,0.9034,0.0,0.0,0.0,0.0,0.16876,0.0,0.0,0.0,0.28042,0.0,0.0,0.0,0.0,0.00605,0.0,0.01383,0.0,0.00407,0.0,0.0,0.0,0.0,0.0,0.0,0.05973,0.0567,0.0,0.01469,0.0
CRR1090941,0,0.0,9.849860000000001,0.00274,26.901059999999994,0.10216,1.06908,0.9696899999999999,0.0,9.561110000000001,11.38817,37.21639,0.0393,0.0,0.12269,0.0,0.0,0.0,0.0,0.07776,0.1542,0.0,0.0,0.0,0.0,0.0,0.0,0.0,0.0,0.10127,0.0,0.0,0.00429,0.0,0.00046,0.0,0.0,0.0,0.0,0.0,0.0,0.0,0.09811,0.0,0.0,0.0,0.0,0.0,0.0,0.067,0.09151,0.027389999999999998,0.0,0.0,0.0,0.0,0.0,0.0,0.0,0.0,0.0,0.0,0.0,0.0,0.0,0.0,0.0
CRR1090944,0,0.0,28.600140000000003,0.0,60.636079999999986,0.00592,0.01326,1.29993,0.56618,0.23387,0.0,0.33635000000000004,0.00186,0.04353,0.01086,0.0,0.0,0.0,0.0,0.01053,0.09077,0.24356,0.0,0.0,0.10543,0.0,0.00613,0.0,0.28344,0.02523,0.0,0.0,0.0,0.0,0.30733,0.0,0.0,0.0,0.0,0.0,0.0,0.77209,0.0,0.0,0.0,0.0,0.0,0.0,0.0,0.0,0.0,0.0,0.0,0.00167,0.00257,0.0,0.0,0.0,0.0,0.0,0.0,0.0,0.0,0.0,0.0,0.0,0.0
CRR1090946,1,0.010960000000000001,26.70411000000001,3.0865,38.89830000000001,0.0719,0.54269,0.21286,0.9862599999999999,0.12483,7.43111,1.8452,0.01862,0.0,0.01396,0.0,0.0,0.0,0.00083,0.00985,0.32030000000000003,0.0,2.06424,0.1268,0.0815,0.00153,0.07416,0.0,0.0,0.03035,0.048420000000000005,0.0045,0.01156,0.0001,0.88923,0.00893,0.0,0.37391,0.0,0.0,0.0,0.15231,0.07174,0.03646,0.07403,0.78197,0.8655400000000001,0.0,0.01679,0.0,0.00303,0.00272,1.75531,0.0,0.0,0.06923,0.02989,0.0,0.00529,0.0,0.0,0.0,0.05336,0.00543,0.0,0.00012,0.0
CRR1090947,1,0.00424,22.153140000000004,2.3369400000000002,42.89912000000002,0.24656,0.22039,0.20355000000000004,0.52415,3.7937199999999995,0.0967,19.15914,0.04281,0.0,0.10032,0.0,0.0,0.0,0.0,0.04838,0.7886599999999999,0.0,0.0,0.0,0.0,0.0,0.0,0.0,0.0,0.0,0.01239,0.01417,0.01782,0.0,0.07496,0.00093,0.0,0.0,0.0,0.10576,0.0,0.53335,0.0553,0.0,0.04858,0.0,0.0,0.0,0.0083,0.0,0.00355,0.03018,3.41883,0.0,0.0,0.0,0.0,0.0,0.0,0.0,0.0,0.0,0.0,0.0,0.0,0.00658,0.0
CRR1090949,1,0.0,13.04238,0.00295,18.317500000000003,0.0,0.05444,0.1214,0.5690000000000001,0.8068499999999998,0.57523,15.21158,0.04562,0.0,0.06318,0.0,0.0,0.0,0.0,0.0,0.19045,0.0,0.0,0.0,0.0,0.0,0.0,0.0,0.0,0.0,0.02092,0.0,0.10599,0.0,0.0,0.00129,0.0,0.0,0.0,0.0,0.0,49.46979,0.12821,0.0,0.0,0.0,0.0,0.0,0.0,0.0,0.0,0.00284,0.0,0.0,0.0,0.0,0.0,0.0,0.0,0.0,0.0,0.0,0.0,0.0,0.0,0.0,0.0
CRR1090950,1,0.0,21.70074,2.20799,43.766989999999964,0.0,0.02709,0.4951,0.21758999999999998,0.29938000000000003,2.4015299999999997,0.24279,0.11628,0.0,0.00087,0.0,0.0,0.0,0.0,0.01,0.19567,0.0,1.97538,0.0,0.0,0.0305,0.0,0.0,0.0,0.0,0.08012,0.0,0.0232,0.00193,0.007000000000000001,0.0,0.0,0.97359,0.0,0.0,0.01409,0.0,0.08432,0.0,0.0,0.0,0.14772,0.0,0.00704,0.0,0.00125,0.01494,4.51374,0.01266,0.0,0.0,0.0,0.0,0.0,0.0,0.0,0.0,0.02778,0.0,0.0,0.0,0.0
CRR1090956,1,0.00352,8.954210000000003,0.09934,21.069059999999993,0.0288,0.112,5.2822499999999994,0.0151,0.022,10.95238,0.01217,0.0,0.0,0.0,0.0,0.0,0.0,0.0,0.0,0.8953099999999999,0.0,0.0,0.02263,0.40836,0.0,0.03505,0.01008,0.01616,0.00564,0.0,0.0,0.0,0.0,2.69829,0.01782,0.0027,0.0,0.0,0.0,0.0,0.0,0.0,0.0,0.0,0.0595,0.08788,0.0,0.0,0.0,0.0,0.00689,1.21969,0.01074,0.00385,0.0,0.0,0.02779,0.0,0.0,0.0,0.0,0.0,0.0,0.00956,0.0,0.0
CRR1090958,1,0.0,22.60842,0.00597,20.35668999999999,0.02339,0.02744,0.68596,0.53911,1.4230699999999998,7.037170000000001,0.37656,0.00369,0.0,0.01197,0.0,0.00374,0.0,0.0,0.04995,0.01326,1.15795,0.0,0.01444,0.02743,0.00819,0.0,0.0,0.00293,0.02166,0.0007,0.0,0.00036,0.00178,0.33905,0.00164,0.01313,0.03114,0.0,0.0,0.00398,0.0,0.03294,0.4512,0.0,0.01911,3.5271,0.41285,0.0,0.0,0.0,0.00058,12.12662,0.0,0.00337,0.0,0.03588,0.02054,0.11635,0.0,0.04447,0.0,0.06063,0.0,0.0,0.00283,0.0
CRR1090960,0,0.0,11.228660000000003,0.10518,32.73722000000001,0.60318,0.04881,0.67297,13.03024,1.50837,0.28258999999999995,37.37101,0.0,0.0,0.03022,0.0,0.0,0.0,0.0,0.00067,0.09806999999999999,0.0,0.0,0.0,0.0,0.0,0.01089,0.0,0.01327,0.0,0.04773,0.04899,0.31387,0.0,0.01671,0.05923,0.03864,0.0,0.0,0.0,0.0,0.0,0.04972,0.0,0.0,0.0,0.0,0.0,0.0,0.01435,0.0,0.00997,0.0,0.034,0.0,0.0,0.0,0.0,0.0,0.0,0.0,0.0,0.0,0.0,0.0,0.0,0.01505
CRR1090967,0,0.0,15.929410000000003,1.7655100000000001,43.61433999999999,8.42258,0.10406,3.7543599999999997,0.03572,1.49868,11.14861,7.14742,0.02262,0.0,0.17223,0.0,0.0,0.0,0.0,0.03729,0.70856,0.0,0.0,0.0,0.0,0.0,0.0,0.0,0.0,0.0,0.0,0.0,0.0,0.0,1.64085,0.0,0.0,0.0,0.0,0.0,0.0,0.0,0.057,0.0,0.0,0.0,0.0,0.0,0.0,0.0,0.01985,0.02175,0.0,0.03251,0.0,0.0,0.0,0.0,0.0,0.0,0.0,0.0,0.0,0.0,0.0,0.02028,0.0
CRR1090968,1,0.0,23.209630000000004,0.1987,41.530420000000014,1.81444,0.44766,1.1517300000000004,0.58636,0.02098,22.573990000000002,0.01593,0.00095,0.05028,0.01234,0.0,0.0,0.0,0.0,0.0,0.06672,0.00211,0.62076,0.0,0.0,0.0,0.0,0.0,0.0,0.00952,0.02057,0.0,0.0,0.04425,0.32748,0.00581,0.0062,0.0,0.0,0.0,0.0,0.0,0.0,0.0,0.0,0.00524,0.23114,2.49883,0.0,0.0,0.0,0.00128,0.0,0.00079,0.0,0.0,0.0,0.0,0.0,0.0,0.0,0.0,0.0,0.00874,0.01503,0.0,0.0
